bee_taxon,bee_group_or_common_name,family,genus,rank,all_interaction_rows,source_backed_rows,bee_plant_rows,unique_plants,best_local_support,min_distance_mi,garden_action
Agapostemon,green sweat bee,Halictidae,Agapostemon,genus,1,1,1,1,≤50 mi from Kyle coordinate,32.9,Plant a mix of locally native flowers recorded with this bee. Many are small ground-nesting bees. Bare soil patches and low-disturbance edges can matter.
Agapostemon angelicus,green sweat bee,Halictidae,Agapostemon,species,2,2,2,1,≤150 mi from Kyle coordinate,124.4,Plant a mix of locally native flowers recorded with this bee. Many are small ground-nesting bees. Bare soil patches and low-disturbance edges can matter.
Agapostemon meliventris,green sweat bee,,,unknown,3,3,3,1,≤25 mi from Kyle coordinate,21.9,Plant a mix of locally native flowers recorded with this bee. Protect nesting habitat and keep pesticide use low.
Agapostemon melliventris,green sweat bee,Halictidae,Agapostemon,species,12,12,11,3,≤25 mi from Kyle coordinate,21.9,Plant a mix of locally native flowers recorded with this bee. Many are small ground-nesting bees. Bare soil patches and low-disturbance edges can matter.
Agapostemon splendens,green sweat bee,Halictidae,Agapostemon,species,3,3,3,3,≤50 mi from Kyle coordinate,33.0,Plant a mix of locally native flowers recorded with this bee. Many are small ground-nesting bees. Bare soil patches and low-disturbance edges can matter.
Agapostemon texanus,green sweat bee,Halictidae,Agapostemon,species,71,71,56,9,≤25 mi from Kyle coordinate,15.3,Plant a mix of locally native flowers recorded with this bee. Many are small ground-nesting bees. Bare soil patches and low-disturbance edges can matter.
Andrena,mining bee,Andrenidae,Andrena,genus,1,1,0,0,≤50 mi from Kyle coordinate,34.0,This dataset has little or no plant-link evidence for this taxon; use the family-level nesting clue first. Many are solitary ground-nesters. Keep some sunny bare soil and avoid sealing every patch with mulch.
Andrena afimbriata,mining bee,Andrenidae,Andrena,species,3,3,3,2,≤50 mi from Kyle coordinate,48.1,Plant a mix of locally native flowers recorded with this bee. Many are solitary ground-nesters. Keep some sunny bare soil and avoid sealing every patch with mulch.
Andrena andrenoides,mining bee,Andrenidae,Andrena,species,17,17,17,1,regional locality text,59.6,Plant a mix of locally native flowers recorded with this bee. Many are solitary ground-nesters. Keep some sunny bare soil and avoid sealing every patch with mulch.
Andrena arenicola,mining bee,Andrenidae,Andrena,species,15,15,15,1,regional locality text,59.6,Plant a mix of locally native flowers recorded with this bee. Many are solitary ground-nesters. Keep some sunny bare soil and avoid sealing every patch with mulch.
Andrena banksi,mining bee,Andrenidae,Andrena,species,1,1,1,1,regional locality text,59.6,Plant a mix of locally native flowers recorded with this bee. Many are solitary ground-nesters. Keep some sunny bare soil and avoid sealing every patch with mulch.
Andrena brevicornis,mining bee,Andrenidae,Andrena,species,1,1,1,1,≤150 mi from Kyle coordinate,97.8,Plant a mix of locally native flowers recorded with this bee. Many are solitary ground-nesters. Keep some sunny bare soil and avoid sealing every patch with mulch.
Andrena commoda,mining bee,Andrenidae,Andrena,species,1,1,1,1,≤150 mi from Kyle coordinate,117.9,Plant a mix of locally native flowers recorded with this bee. Many are solitary ground-nesters. Keep some sunny bare soil and avoid sealing every patch with mulch.
Andrena crataegi,mining bee,Andrenidae,Andrena,species,2,2,2,1,regional locality text,59.6,Plant a mix of locally native flowers recorded with this bee. Many are solitary ground-nesters. Keep some sunny bare soil and avoid sealing every patch with mulch.
Andrena crawfordi,mining bee,Andrenidae,Andrena,species,24,24,18,2,Hays-core locality text,24.5,Plant a mix of locally native flowers recorded with this bee. Many are solitary ground-nesters. Keep some sunny bare soil and avoid sealing every patch with mulch.
Andrena illinoiensis,mining bee,Andrenidae,Andrena,species,7,7,7,1,≤150 mi from Kyle coordinate,69.4,Plant a mix of locally native flowers recorded with this bee. Many are solitary ground-nesters. Keep some sunny bare soil and avoid sealing every patch with mulch.
Andrena macoupinensis,mining bee,Andrenidae,Andrena,species,4,4,4,2,≤25 mi from Kyle coordinate,20.4,Plant a mix of locally native flowers recorded with this bee. Many are solitary ground-nesters. Keep some sunny bare soil and avoid sealing every patch with mulch.
Andrena macra,mining bee,Andrenidae,Andrena,species,2,2,2,1,≤150 mi from Kyle coordinate,69.4,Plant a mix of locally native flowers recorded with this bee. Many are solitary ground-nesters. Keep some sunny bare soil and avoid sealing every patch with mulch.
Andrena melliventris,mining bee,Andrenidae,Andrena,species,2,2,0,0,≤50 mi from Kyle coordinate,43.3,This dataset has little or no plant-link evidence for this taxon; use the family-level nesting clue first. Many are solitary ground-nesters. Keep some sunny bare soil and avoid sealing every patch with mulch.
Andrena micheneriella,mining bee,Andrenidae,Andrena,species,1,1,1,1,regional locality text,53.8,Plant a mix of locally native flowers recorded with this bee. Many are solitary ground-nesters. Keep some sunny bare soil and avoid sealing every patch with mulch.
Andrena miserabilis,mining bee,Andrenidae,Andrena,species,15,15,15,2,regional locality text,59.6,Plant a mix of locally native flowers recorded with this bee. Many are solitary ground-nesters. Keep some sunny bare soil and avoid sealing every patch with mulch.
Andrena monilicornis,mining bee,Andrenidae,Andrena,species,1,1,1,1,≤150 mi from Kyle coordinate,97.8,Plant a mix of locally native flowers recorded with this bee. Many are solitary ground-nesters. Keep some sunny bare soil and avoid sealing every patch with mulch.
Andrena nasonii,mining bee,Andrenidae,Andrena,species,22,22,22,1,≤50 mi from Kyle coordinate,25.4,Plant a mix of locally native flowers recorded with this bee. Many are solitary ground-nesters. Keep some sunny bare soil and avoid sealing every patch with mulch.
Andrena nigrae,mining bee,Andrenidae,Andrena,species,8,8,8,1,≤50 mi from Kyle coordinate,25.4,Plant a mix of locally native flowers recorded with this bee. Many are solitary ground-nesters. Keep some sunny bare soil and avoid sealing every patch with mulch.
Andrena perplexa,mining bee,Andrenidae,Andrena,species,1,1,1,1,≤25 mi from Kyle coordinate,20.4,Plant a mix of locally native flowers recorded with this bee. Many are solitary ground-nesters. Keep some sunny bare soil and avoid sealing every patch with mulch.
Andrena personata,mining bee,Andrenidae,Andrena,species,28,28,27,1,≤50 mi from Kyle coordinate,25.4,Plant a mix of locally native flowers recorded with this bee. Many are solitary ground-nesters. Keep some sunny bare soil and avoid sealing every patch with mulch.
Andrena primulifrons,mining bee,Andrenidae,Andrena,species,119,119,34,1,regional locality text,102.0,Plant a mix of locally native flowers recorded with this bee. Many are solitary ground-nesters. Keep some sunny bare soil and avoid sealing every patch with mulch.
Andrena rudbeckiae,mining bee,Andrenidae,Andrena,species,12,12,12,1,≤25 mi from Kyle coordinate,21.1,Plant a mix of locally native flowers recorded with this bee. Many are solitary ground-nesters. Keep some sunny bare soil and avoid sealing every patch with mulch.
Andrena sagittagalea,mining bee,Andrenidae,Andrena,species,5,5,5,1,≤50 mi from Kyle coordinate,25.4,Plant a mix of locally native flowers recorded with this bee. Many are solitary ground-nesters. Keep some sunny bare soil and avoid sealing every patch with mulch.
Andrena senticulosa,mining bee,Andrenidae,Andrena,species,5,5,5,2,≤50 mi from Kyle coordinate,49.1,Plant a mix of locally native flowers recorded with this bee. Many are solitary ground-nesters. Keep some sunny bare soil and avoid sealing every patch with mulch.
Andrena trapezoidea,mining bee,Andrenidae,Andrena,species,14,14,10,1,regional locality text,102.0,Plant a mix of locally native flowers recorded with this bee. Many are solitary ground-nesters. Keep some sunny bare soil and avoid sealing every patch with mulch.
Andrena unicostata,mining bee,Andrenidae,Andrena,species,8,8,8,1,regional locality text,59.6,Plant a mix of locally native flowers recorded with this bee. Many are solitary ground-nesters. Keep some sunny bare soil and avoid sealing every patch with mulch.
Andrena verecunda,mining bee,Andrenidae,Andrena,species,10,10,8,2,Hays-core locality text,24.5,Plant a mix of locally native flowers recorded with this bee. Many are solitary ground-nesters. Keep some sunny bare soil and avoid sealing every patch with mulch.
Andrenidae,mining bee family,Andrenidae,,family,2,2,0,0,≤25 mi from Kyle coordinate,8.9,This dataset has little or no plant-link evidence for this taxon; use the family-level nesting clue first. Many are solitary ground-nesters. Keep some sunny bare soil and avoid sealing every patch with mulch.
Anthidiellum notatum,"leafcutter, mason, resin, and carder bee family",Megachilidae,Anthidiellum,species,2,2,2,1,≤50 mi from Kyle coordinate,48.8,"Plant a mix of locally native flowers recorded with this bee. Many use hollow stems, cavities, mud, leaf pieces, resin, or plant fibers. Leave stems and avoid over-cleaning."
Anthidium maculifrons,wool carder bee,Megachilidae,Anthidium,species,4,4,4,2,≤50 mi from Kyle coordinate,43.3,"Plant a mix of locally native flowers recorded with this bee. Many use hollow stems, cavities, mud, leaf pieces, resin, or plant fibers. Leave stems and avoid over-cleaning."
Anthidium palmarum,wool carder bee,Megachilidae,Anthidium,species,80,80,80,4,≤150 mi from Kyle coordinate,97.8,"Plant a mix of locally native flowers recorded with this bee. Many use hollow stems, cavities, mud, leaf pieces, resin, or plant fibers. Leave stems and avoid over-cleaning."
Anthidium porterae,wool carder bee,Megachilidae,Anthidium,species,2,2,2,2,≤150 mi from Kyle coordinate,53.8,"Plant a mix of locally native flowers recorded with this bee. Many use hollow stems, cavities, mud, leaf pieces, resin, or plant fibers. Leave stems and avoid over-cleaning."
Anthidium psoraleae,wool carder bee,Megachilidae,Anthidium,species,3,3,3,1,≤150 mi from Kyle coordinate,53.8,"Plant a mix of locally native flowers recorded with this bee. Many use hollow stems, cavities, mud, leaf pieces, resin, or plant fibers. Leave stems and avoid over-cleaning."
Anthophila,bee,,,unknown,7,7,2,1,≤25 mi from Kyle coordinate,7.3,Plant a mix of locally native flowers recorded with this bee. Protect nesting habitat and keep pesticide use low.
Anthophora abrupta,digger bee,Apidae,Anthophora,species,1,1,0,0,≤150 mi from Kyle coordinate,54.2,"This dataset has little or no plant-link evidence for this taxon; use the family-level nesting clue first. Very mixed family. Some nest in soil, wood, stems, cavities, or colonies. Use season-long bloom diversity."
Anthophora affabilis,digger bee,Apidae,Anthophora,species,30,30,30,2,≤50 mi from Kyle coordinate,44.5,"Plant a mix of locally native flowers recorded with this bee. Very mixed family. Some nest in soil, wood, stems, cavities, or colonies. Use season-long bloom diversity."
Anthophora californica,digger bee,Apidae,Anthophora,species,86,86,84,14,≤25 mi from Kyle coordinate,12.0,"Plant a mix of locally native flowers recorded with this bee. Very mixed family. Some nest in soil, wood, stems, cavities, or colonies. Use season-long bloom diversity."
Anthophora capistrata,digger bee,Apidae,Anthophora,species,2,2,2,1,≤50 mi from Kyle coordinate,27.8,"Plant a mix of locally native flowers recorded with this bee. Very mixed family. Some nest in soil, wood, stems, cavities, or colonies. Use season-long bloom diversity."
Anthophora urbana,digger bee,Apidae,Anthophora,species,1,1,1,1,uncertain/outside local filter,186.7,"Plant a mix of locally native flowers recorded with this bee. Very mixed family. Some nest in soil, wood, stems, cavities, or colonies. Use season-long bloom diversity."
Anthophorula completa,"apids: bumble bees, carpenter bees, long-horned bees, honey bees, and relatives",Apidae,Anthophorula,species,17,17,17,1,uncertain/outside local filter,178.4,"Plant a mix of locally native flowers recorded with this bee. Very mixed family. Some nest in soil, wood, stems, cavities, or colonies. Use season-long bloom diversity."
Anthophorula micheneri,"apids: bumble bees, carpenter bees, long-horned bees, honey bees, and relatives",Apidae,Anthophorula,species,103,103,103,1,regional locality text,50.6,"Plant a mix of locally native flowers recorded with this bee. Very mixed family. Some nest in soil, wood, stems, cavities, or colonies. Use season-long bloom diversity."
Anthophorula morgani,"apids: bumble bees, carpenter bees, long-horned bees, honey bees, and relatives",Apidae,Anthophorula,species,2,2,2,1,≤150 mi from Kyle coordinate,95.9,"Plant a mix of locally native flowers recorded with this bee. Very mixed family. Some nest in soil, wood, stems, cavities, or colonies. Use season-long bloom diversity."
Anthophorula texana,"apids: bumble bees, carpenter bees, long-horned bees, honey bees, and relatives",Apidae,Anthophorula,species,2,2,2,1,≤25 mi from Kyle coordinate,19.4,"Plant a mix of locally native flowers recorded with this bee. Very mixed family. Some nest in soil, wood, stems, cavities, or colonies. Use season-long bloom diversity."
Apidae,"apids: bumble bees, carpenter bees, long-horned bees, honey bees, and relatives",Apidae,,family,5,5,4,3,≤150 mi from Kyle coordinate,118.5,"Plant a mix of locally native flowers recorded with this bee. Very mixed family. Some nest in soil, wood, stems, cavities, or colonies. Use season-long bloom diversity."
Apis,honey bee,Apidae,Apis,genus,4,4,1,1,≤25 mi from Kyle coordinate,8.0,"Plant a mix of locally native flowers recorded with this bee. Very mixed family. Some nest in soil, wood, stems, cavities, or colonies. Use season-long bloom diversity."
Apis mellifera,honey bee,Apidae,Apis,species,103,103,35,22,≤25 mi from Kyle coordinate,8.3,"Plant a mix of locally native flowers recorded with this bee. Very mixed family. Some nest in soil, wood, stems, cavities, or colonies. Use season-long bloom diversity."
Ashmeadiella,"leafcutter, mason, resin, and carder bee family",Megachilidae,Ashmeadiella,genus,17,17,13,3,regional locality text,84.4,"Plant a mix of locally native flowers recorded with this bee. Many use hollow stems, cavities, mud, leaf pieces, resin, or plant fibers. Leave stems and avoid over-cleaning."
Ashmeadiella bucconis,"leafcutter, mason, resin, and carder bee family",Megachilidae,Ashmeadiella,species,1,1,1,1,regional locality text,75.7,"Plant a mix of locally native flowers recorded with this bee. Many use hollow stems, cavities, mud, leaf pieces, resin, or plant fibers. Leave stems and avoid over-cleaning."
Ashmeadiella maxima,"leafcutter, mason, resin, and carder bee family",Megachilidae,Ashmeadiella,species,1,1,0,0,uncertain/outside local filter,181.0,"This dataset has little or no plant-link evidence for this taxon; use the family-level nesting clue first. Many use hollow stems, cavities, mud, leaf pieces, resin, or plant fibers. Leave stems and avoid over-cleaning."
Ashmeadiella meliloti meliloti,"leafcutter, mason, resin, and carder bee family",Megachilidae,Ashmeadiella,subspecies,1,1,1,1,uncertain/outside local filter,180.2,"Plant a mix of locally native flowers recorded with this bee. Many use hollow stems, cavities, mud, leaf pieces, resin, or plant fibers. Leave stems and avoid over-cleaning."
Atoposmia maryae,"leafcutter, mason, resin, and carder bee family",Megachilidae,Atoposmia,species,2,2,2,1,uncertain/outside local filter,180.2,"Plant a mix of locally native flowers recorded with this bee. Many use hollow stems, cavities, mud, leaf pieces, resin, or plant fibers. Leave stems and avoid over-cleaning."
Augochlorella,green sweat bee,Halictidae,Augochlorella,genus,6,6,6,4,≤50 mi from Kyle coordinate,39.2,Plant a mix of locally native flowers recorded with this bee. Many are small ground-nesting bees. Bare soil patches and low-disturbance edges can matter.
Augochlorella aurata,green sweat bee,Halictidae,Augochlorella,species,3,3,3,2,≤50 mi from Kyle coordinate,48.4,Plant a mix of locally native flowers recorded with this bee. Many are small ground-nesting bees. Bare soil patches and low-disturbance edges can matter.
Augochlorella bracteata,green sweat bee,Halictidae,Augochlorella,species,2,2,2,2,≤150 mi from Kyle coordinate,95.9,Plant a mix of locally native flowers recorded with this bee. Many are small ground-nesting bees. Bare soil patches and low-disturbance edges can matter.
Augochlorella karankawa,green sweat bee,Halictidae,Augochlorella,species,10,10,6,3,≤50 mi from Kyle coordinate,39.2,Plant a mix of locally native flowers recorded with this bee. Many are small ground-nesting bees. Bare soil patches and low-disturbance edges can matter.
Augochlorella striata,green sweat bee,Halictidae,Augochlorella,species,2,2,0,0,regional locality text,102.0,This dataset has little or no plant-link evidence for this taxon; use the family-level nesting clue first. Many are small ground-nesting bees. Bare soil patches and low-disturbance edges can matter.
Augochloropsis,sweat bee family,Halictidae,Augochloropsis,genus,34,34,30,8,≤25 mi from Kyle coordinate,20.4,Plant a mix of locally native flowers recorded with this bee. Many are small ground-nesting bees. Bare soil patches and low-disturbance edges can matter.
Augochloropsis metallica,sweat bee family,Halictidae,Augochloropsis,species,12,12,12,3,≤25 mi from Kyle coordinate,21.9,Plant a mix of locally native flowers recorded with this bee. Many are small ground-nesting bees. Bare soil patches and low-disturbance edges can matter.
Bombus,bumble bee,Apidae,Bombus,genus,1,1,0,0,≤50 mi from Kyle coordinate,31.2,"This dataset has little or no plant-link evidence for this taxon; use the family-level nesting clue first. Very mixed family. Some nest in soil, wood, stems, cavities, or colonies. Use season-long bloom diversity."
Bombus fraternus,bumble bee,Apidae,Bombus,species,11,11,5,3,≤25 mi from Kyle coordinate,20.8,"Plant a mix of locally native flowers recorded with this bee. Very mixed family. Some nest in soil, wood, stems, cavities, or colonies. Use season-long bloom diversity."
Bombus pensylvanicus,bumble bee,Apidae,Bombus,species,159,159,71,38,≤25 mi from Kyle coordinate,2.1,"Plant a mix of locally native flowers recorded with this bee. Very mixed family. Some nest in soil, wood, stems, cavities, or colonies. Use season-long bloom diversity."
Bombus pensylvanicus pensylvanicus,bumble bee,Apidae,Bombus,subspecies,9,9,8,5,≤50 mi from Kyle coordinate,49.1,"Plant a mix of locally native flowers recorded with this bee. Very mixed family. Some nest in soil, wood, stems, cavities, or colonies. Use season-long bloom diversity."
Bombus sonorus,bumble bee,Apidae,Bombus,species,69,69,29,20,≤25 mi from Kyle coordinate,9.3,"Plant a mix of locally native flowers recorded with this bee. Very mixed family. Some nest in soil, wood, stems, cavities, or colonies. Use season-long bloom diversity."
Callandrena,mining bee,Andrenidae,Andrena,subgenus,2,2,2,1,≤50 mi from Kyle coordinate,26.7,Plant a mix of locally native flowers recorded with this bee. Many are solitary ground-nesters. Keep some sunny bare soil and avoid sealing every patch with mulch.
Calliopsis,mining bee,Andrenidae,Calliopsis,genus,6,6,6,1,≤150 mi from Kyle coordinate,58.4,Plant a mix of locally native flowers recorded with this bee. Many are solitary ground-nesters. Keep some sunny bare soil and avoid sealing every patch with mulch.
Calliopsis callops,mining bee,Andrenidae,Calliopsis,species,1,1,1,1,uncertain/outside local filter,180.2,Plant a mix of locally native flowers recorded with this bee. Many are solitary ground-nesters. Keep some sunny bare soil and avoid sealing every patch with mulch.
Calliopsis granti,mining bee,Andrenidae,Calliopsis,species,1,1,1,1,regional locality text,75.7,Plant a mix of locally native flowers recorded with this bee. Many are solitary ground-nesters. Keep some sunny bare soil and avoid sealing every patch with mulch.
Calliopsis michenerella,mining bee,Andrenidae,Calliopsis,species,21,21,21,1,uncertain/outside local filter,156.7,Plant a mix of locally native flowers recorded with this bee. Many are solitary ground-nesters. Keep some sunny bare soil and avoid sealing every patch with mulch.
Calliopsis micheneri,mining bee,Andrenidae,Calliopsis,species,1,1,1,1,uncertain/outside local filter,156.7,Plant a mix of locally native flowers recorded with this bee. Many are solitary ground-nesters. Keep some sunny bare soil and avoid sealing every patch with mulch.
Calliopsis rozeni,mining bee,Andrenidae,Calliopsis,species,2,2,0,0,≤150 mi from Kyle coordinate,97.8,This dataset has little or no plant-link evidence for this taxon; use the family-level nesting clue first. Many are solitary ground-nesters. Keep some sunny bare soil and avoid sealing every patch with mulch.
Calliopsis subalpina,mining bee,Andrenidae,Calliopsis,species,12,12,11,1,≤150 mi from Kyle coordinate,67.8,Plant a mix of locally native flowers recorded with this bee. Many are solitary ground-nesters. Keep some sunny bare soil and avoid sealing every patch with mulch.
Centris atripes,"apids: bumble bees, carpenter bees, long-horned bees, honey bees, and relatives",Apidae,Centris,species,83,83,72,4,≤25 mi from Kyle coordinate,23.7,"Plant a mix of locally native flowers recorded with this bee. Very mixed family. Some nest in soil, wood, stems, cavities, or colonies. Use season-long bloom diversity."
Ceratina cobaltina,"apids: bumble bees, carpenter bees, long-horned bees, honey bees, and relatives",Apidae,Ceratina,species,6,6,6,5,≤25 mi from Kyle coordinate,20.8,"Plant a mix of locally native flowers recorded with this bee. Very mixed family. Some nest in soil, wood, stems, cavities, or colonies. Use season-long bloom diversity."
Ceratina diodonta,"apids: bumble bees, carpenter bees, long-horned bees, honey bees, and relatives",Apidae,Ceratina,species,1,1,0,0,≤50 mi from Kyle coordinate,43.3,"This dataset has little or no plant-link evidence for this taxon; use the family-level nesting clue first. Very mixed family. Some nest in soil, wood, stems, cavities, or colonies. Use season-long bloom diversity."
Chalicodoma (Chelostomoides),"leafcutter, mason, resin, and carder bee family",Megachilidae,Chalicodoma,unknown,43,43,43,2,≤50 mi from Kyle coordinate,43.3,"Plant a mix of locally native flowers recorded with this bee. Many use hollow stems, cavities, mud, leaf pieces, resin, or plant fibers. Leave stems and avoid over-cleaning."
Coelioxys alternatus,cuckoo leafcutter bee,Megachilidae,Coelioxys,species,1,1,1,1,regional locality text,84.4,"Plant a mix of locally native flowers recorded with this bee. Many use hollow stems, cavities, mud, leaf pieces, resin, or plant fibers. Leave stems and avoid over-cleaning."
Coelioxys apacheorum,cuckoo leafcutter bee,Megachilidae,Coelioxys,species,1,1,1,1,regional locality text,75.7,"Plant a mix of locally native flowers recorded with this bee. Many use hollow stems, cavities, mud, leaf pieces, resin, or plant fibers. Leave stems and avoid over-cleaning."
Coelioxys edita,cuckoo leafcutter bee,Megachilidae,Coelioxys,species,8,8,6,1,≤50 mi from Kyle coordinate,32.9,"Plant a mix of locally native flowers recorded with this bee. Many use hollow stems, cavities, mud, leaf pieces, resin, or plant fibers. Leave stems and avoid over-cleaning."
Coelioxys immaculatus,cuckoo leafcutter bee,Megachilidae,Coelioxys,species,4,4,4,1,≤50 mi from Kyle coordinate,43.3,"Plant a mix of locally native flowers recorded with this bee. Many use hollow stems, cavities, mud, leaf pieces, resin, or plant fibers. Leave stems and avoid over-cleaning."
Coelioxys novomexicanus,cuckoo leafcutter bee,Megachilidae,Coelioxys,species,1,1,1,1,uncertain/outside local filter,169.8,"Plant a mix of locally native flowers recorded with this bee. Many use hollow stems, cavities, mud, leaf pieces, resin, or plant fibers. Leave stems and avoid over-cleaning."
Coelioxys texana,cuckoo leafcutter bee,Megachilidae,Coelioxys,species,36,36,17,5,≤25 mi from Kyle coordinate,24.7,"Plant a mix of locally native flowers recorded with this bee. Many use hollow stems, cavities, mud, leaf pieces, resin, or plant fibers. Leave stems and avoid over-cleaning."
Colletes,cellophane/plasterer bee,Colletidae,Colletes,genus,5,5,5,1,regional locality text,59.6,Plant a mix of locally native flowers recorded with this bee. Many line nest cells with a waterproof material; several nest in soil or stems. Avoid over-managing every nesting edge.
Colletes birkmanni,cellophane/plasterer bee,Colletidae,Colletes,species,4,4,4,2,≤50 mi from Kyle coordinate,32.9,Plant a mix of locally native flowers recorded with this bee. Many line nest cells with a waterproof material; several nest in soil or stems. Avoid over-managing every nesting edge.
Colletes bumeliae,cellophane/plasterer bee,Colletidae,Colletes,species,3,3,3,1,≤50 mi from Kyle coordinate,36.9,Plant a mix of locally native flowers recorded with this bee. Many line nest cells with a waterproof material; several nest in soil or stems. Avoid over-managing every nesting edge.
Colletes inuncantipedis,cellophane/plasterer bee,Colletidae,Colletes,species,1,1,1,1,≤50 mi from Kyle coordinate,35.0,Plant a mix of locally native flowers recorded with this bee. Many line nest cells with a waterproof material; several nest in soil or stems. Avoid over-managing every nesting edge.
Colletes thoracicus,cellophane/plasterer bee,Colletidae,Colletes,species,9,9,9,1,regional locality text,59.6,Plant a mix of locally native flowers recorded with this bee. Many line nest cells with a waterproof material; several nest in soil or stems. Avoid over-managing every nesting edge.
Conanthalictus bakeri,sweat bee family,Halictidae,Conanthalictus,species,2,2,2,2,≤25 mi from Kyle coordinate,20.8,Plant a mix of locally native flowers recorded with this bee. Many are small ground-nesting bees. Bare soil patches and low-disturbance edges can matter.
Diadasia afflicta,"apids: bumble bees, carpenter bees, long-horned bees, honey bees, and relatives",Apidae,Diadasia,species,53,53,39,2,≤50 mi from Kyle coordinate,34.7,"Plant a mix of locally native flowers recorded with this bee. Very mixed family. Some nest in soil, wood, stems, cavities, or colonies. Use season-long bloom diversity."
Diadasia australis,"apids: bumble bees, carpenter bees, long-horned bees, honey bees, and relatives",Apidae,Diadasia,species,2,2,1,1,≤150 mi from Kyle coordinate,52.0,"Plant a mix of locally native flowers recorded with this bee. Very mixed family. Some nest in soil, wood, stems, cavities, or colonies. Use season-long bloom diversity."
Diadasia diminuta,"apids: bumble bees, carpenter bees, long-horned bees, honey bees, and relatives",Apidae,Diadasia,species,8,8,8,3,≤150 mi from Kyle coordinate,58.4,"Plant a mix of locally native flowers recorded with this bee. Very mixed family. Some nest in soil, wood, stems, cavities, or colonies. Use season-long bloom diversity."
Diadasia enavata,"apids: bumble bees, carpenter bees, long-horned bees, honey bees, and relatives",Apidae,Diadasia,species,10,10,8,2,≤50 mi from Kyle coordinate,32.9,"Plant a mix of locally native flowers recorded with this bee. Very mixed family. Some nest in soil, wood, stems, cavities, or colonies. Use season-long bloom diversity."
Diadasia rinconis,"apids: bumble bees, carpenter bees, long-horned bees, honey bees, and relatives",Apidae,Diadasia,species,102,102,47,9,≤25 mi from Kyle coordinate,15.3,"Plant a mix of locally native flowers recorded with this bee. Very mixed family. Some nest in soil, wood, stems, cavities, or colonies. Use season-long bloom diversity."
Dialictus,sweat bee family,Halictidae,Dialictus,genus,2,2,0,0,≤50 mi from Kyle coordinate,32.9,This dataset has little or no plant-link evidence for this taxon; use the family-level nesting clue first. Many are small ground-nesting bees. Bare soil patches and low-disturbance edges can matter.
Dianthidium curvatum,carder/mason bee,Megachilidae,Dianthidium,species,2,2,0,0,≤50 mi from Kyle coordinate,42.5,"This dataset has little or no plant-link evidence for this taxon; use the family-level nesting clue first. Many use hollow stems, cavities, mud, leaf pieces, resin, or plant fibers. Leave stems and avoid over-cleaning."
Dianthidium simile,carder/mason bee,Megachilidae,Dianthidium,species,1,1,1,1,regional locality text,75.7,"Plant a mix of locally native flowers recorded with this bee. Many use hollow stems, cavities, mud, leaf pieces, resin, or plant fibers. Leave stems and avoid over-cleaning."
Dianthidium texanum,carder/mason bee,Megachilidae,Dianthidium,species,8,8,8,1,≤25 mi from Kyle coordinate,15.3,"Plant a mix of locally native flowers recorded with this bee. Many use hollow stems, cavities, mud, leaf pieces, resin, or plant fibers. Leave stems and avoid over-cleaning."
Dieunomia apacha,sweat bee,Halictidae,Dieunomia,species,22,22,22,2,≤150 mi from Kyle coordinate,83.5,Plant a mix of locally native flowers recorded with this bee. Many are small ground-nesting bees. Bare soil patches and low-disturbance edges can matter.
Epeolus bifasciatus,cuckoo bee,Apidae,Epeolus,species,1,1,1,1,≤150 mi from Kyle coordinate,69.7,"Plant a mix of locally native flowers recorded with this bee. Very mixed family. Some nest in soil, wood, stems, cavities, or colonies. Use season-long bloom diversity."
Eucera belfragei,long-horned bee,Apidae,Eucera,species,6,6,6,1,≤150 mi from Kyle coordinate,130.6,"Plant a mix of locally native flowers recorded with this bee. Very mixed family. Some nest in soil, wood, stems, cavities, or colonies. Use season-long bloom diversity."
Eucera chrysobotryae,long-horned bee,Apidae,Eucera,species,1,1,1,1,≤50 mi from Kyle coordinate,44.5,"Plant a mix of locally native flowers recorded with this bee. Very mixed family. Some nest in soil, wood, stems, cavities, or colonies. Use season-long bloom diversity."
Eucerini,"apids: bumble bees, carpenter bees, long-horned bees, honey bees, and relatives",Apidae,,tribe,1,1,0,0,≤50 mi from Kyle coordinate,25.3,"This dataset has little or no plant-link evidence for this taxon; use the family-level nesting clue first. Very mixed family. Some nest in soil, wood, stems, cavities, or colonies. Use season-long bloom diversity."
Exomalopsis,"apids: bumble bees, carpenter bees, long-horned bees, honey bees, and relatives",Apidae,Exomalopsis,genus,3,3,3,1,≤150 mi from Kyle coordinate,138.4,"Plant a mix of locally native flowers recorded with this bee. Very mixed family. Some nest in soil, wood, stems, cavities, or colonies. Use season-long bloom diversity."
Exomalopsis solani,"apids: bumble bees, carpenter bees, long-horned bees, honey bees, and relatives",Apidae,Exomalopsis,species,5,5,5,2,≤50 mi from Kyle coordinate,32.9,"Plant a mix of locally native flowers recorded with this bee. Very mixed family. Some nest in soil, wood, stems, cavities, or colonies. Use season-long bloom diversity."
Florilegus condignus,"apids: bumble bees, carpenter bees, long-horned bees, honey bees, and relatives",Apidae,Florilegus,species,10,10,0,0,≤25 mi from Kyle coordinate,23.6,"This dataset has little or no plant-link evidence for this taxon; use the family-level nesting clue first. Very mixed family. Some nest in soil, wood, stems, cavities, or colonies. Use season-long bloom diversity."
Halictidae,sweat bee family,Halictidae,,family,1,1,1,1,≤150 mi from Kyle coordinate,136.9,Plant a mix of locally native flowers recorded with this bee. Many are small ground-nesting bees. Bare soil patches and low-disturbance edges can matter.
Halictinae,sweat bee family,Halictidae,,subfamily,1,1,0,0,≤25 mi from Kyle coordinate,22.6,This dataset has little or no plant-link evidence for this taxon; use the family-level nesting clue first. Many are small ground-nesting bees. Bare soil patches and low-disturbance edges can matter.
Halictus ligatus,furrow/sweat bee,Halictidae,Halictus,species,105,105,86,19,≤25 mi from Kyle coordinate,21.1,Plant a mix of locally native flowers recorded with this bee. Many are small ground-nesting bees. Bare soil patches and low-disturbance edges can matter.
Halictus tripartitus,furrow/sweat bee,Halictidae,Halictus,species,6,6,4,2,regional locality text,54.8,Plant a mix of locally native flowers recorded with this bee. Many are small ground-nesting bees. Bare soil patches and low-disturbance edges can matter.
Heriades,resin bee,Megachilidae,Heriades,genus,4,4,3,3,regional locality text,75.7,"Plant a mix of locally native flowers recorded with this bee. Many use hollow stems, cavities, mud, leaf pieces, resin, or plant fibers. Leave stems and avoid over-cleaning."
Heriades carinata,resin bee,Megachilidae,Heriades,species,4,4,4,2,≤50 mi from Kyle coordinate,27.3,"Plant a mix of locally native flowers recorded with this bee. Many use hollow stems, cavities, mud, leaf pieces, resin, or plant fibers. Leave stems and avoid over-cleaning."
Heriades variolosa,resin bee,Megachilidae,Heriades,species,7,7,7,4,≤25 mi from Kyle coordinate,23.7,"Plant a mix of locally native flowers recorded with this bee. Many use hollow stems, cavities, mud, leaf pieces, resin, or plant fibers. Leave stems and avoid over-cleaning."
Hoplitis,"leafcutter, mason, resin, and carder bee family",Megachilidae,Hoplitis,genus,5,5,4,2,≤50 mi from Kyle coordinate,34.7,"Plant a mix of locally native flowers recorded with this bee. Many use hollow stems, cavities, mud, leaf pieces, resin, or plant fibers. Leave stems and avoid over-cleaning."
Hoplitis nemophilae,"leafcutter, mason, resin, and carder bee family",Megachilidae,Hoplitis,species,2,2,2,1,≤50 mi from Kyle coordinate,25.4,"Plant a mix of locally native flowers recorded with this bee. Many use hollow stems, cavities, mud, leaf pieces, resin, or plant fibers. Leave stems and avoid over-cleaning."
Hoplitis pilosifrons,"leafcutter, mason, resin, and carder bee family",Megachilidae,Hoplitis,species,8,8,8,2,regional locality text,102.0,"Plant a mix of locally native flowers recorded with this bee. Many use hollow stems, cavities, mud, leaf pieces, resin, or plant fibers. Leave stems and avoid over-cleaning."
Hoplitis simplex,"leafcutter, mason, resin, and carder bee family",Megachilidae,Hoplitis,species,7,7,7,1,≤50 mi from Kyle coordinate,25.4,"Plant a mix of locally native flowers recorded with this bee. Many use hollow stems, cavities, mud, leaf pieces, resin, or plant fibers. Leave stems and avoid over-cleaning."
Hylaeus mesillae cressoni,yellow-faced bee,Colletidae,Hylaeus,subspecies,14,14,14,1,≤150 mi from Kyle coordinate,97.8,Plant a mix of locally native flowers recorded with this bee. Many line nest cells with a waterproof material; several nest in soil or stems. Avoid over-managing every nesting edge.
Hylaeus modestus,yellow-faced bee,Colletidae,Hylaeus,species,17,17,17,2,≤50 mi from Kyle coordinate,25.4,Plant a mix of locally native flowers recorded with this bee. Many line nest cells with a waterproof material; several nest in soil or stems. Avoid over-managing every nesting edge.
Lasioglossum,sweat bee,Halictidae,Lasioglossum,genus,5,5,5,3,≤50 mi from Kyle coordinate,32.7,Plant a mix of locally native flowers recorded with this bee. Many are small ground-nesting bees. Bare soil patches and low-disturbance edges can matter.
Lasioglossum bardum,sweat bee,Halictidae,Lasioglossum,species,45,45,8,4,≤25 mi from Kyle coordinate,20.4,Plant a mix of locally native flowers recorded with this bee. Many are small ground-nesting bees. Bare soil patches and low-disturbance edges can matter.
Lasioglossum cinctipes,sweat bee,Halictidae,Lasioglossum,species,24,24,24,1,≤150 mi from Kyle coordinate,136.6,Plant a mix of locally native flowers recorded with this bee. Many are small ground-nesting bees. Bare soil patches and low-disturbance edges can matter.
Lasioglossum coactum,sweat bee,Halictidae,Lasioglossum,species,3,3,2,1,≤50 mi from Kyle coordinate,43.3,Plant a mix of locally native flowers recorded with this bee. Many are small ground-nesting bees. Bare soil patches and low-disturbance edges can matter.
Lasioglossum connexum,sweat bee,Halictidae,Lasioglossum,species,2,2,2,1,≤50 mi from Kyle coordinate,32.9,Plant a mix of locally native flowers recorded with this bee. Many are small ground-nesting bees. Bare soil patches and low-disturbance edges can matter.
Lasioglossum disparile,sweat bee,Halictidae,Lasioglossum,species,1,1,1,1,≤150 mi from Kyle coordinate,113.3,Plant a mix of locally native flowers recorded with this bee. Many are small ground-nesting bees. Bare soil patches and low-disturbance edges can matter.
Lasioglossum sisymbrii,sweat bee,Halictidae,Lasioglossum,species,1,1,1,1,≤150 mi from Kyle coordinate,115.3,Plant a mix of locally native flowers recorded with this bee. Many are small ground-nesting bees. Bare soil patches and low-disturbance edges can matter.
Lasioglossum vierecki,sweat bee,Halictidae,Lasioglossum,species,4,4,4,2,≤50 mi from Kyle coordinate,36.5,Plant a mix of locally native flowers recorded with this bee. Many are small ground-nesting bees. Bare soil patches and low-disturbance edges can matter.
Lithurgopsis gibbosa,"leafcutter, mason, resin, and carder bee family",Megachilidae,Lithurgopsis,species,8,8,4,1,≤50 mi from Kyle coordinate,42.7,"Plant a mix of locally native flowers recorded with this bee. Many use hollow stems, cavities, mud, leaf pieces, resin, or plant fibers. Leave stems and avoid over-cleaning."
Lithurgopsis littoralis,"leafcutter, mason, resin, and carder bee family",Megachilidae,Lithurgopsis,species,3,3,3,2,≤50 mi from Kyle coordinate,27.8,"Plant a mix of locally native flowers recorded with this bee. Many use hollow stems, cavities, mud, leaf pieces, resin, or plant fibers. Leave stems and avoid over-cleaning."
Lithurgus gibbosus,"leafcutter, mason, resin, and carder bee family",Megachilidae,Lithurgus,species,5,5,5,2,≤50 mi from Kyle coordinate,43.3,"Plant a mix of locally native flowers recorded with this bee. Many use hollow stems, cavities, mud, leaf pieces, resin, or plant fibers. Leave stems and avoid over-cleaning."
Lithurgus (Lithurgus),"leafcutter, mason, resin, and carder bee family",Megachilidae,Lithurgus,unknown,1,1,1,1,≤150 mi from Kyle coordinate,97.8,"Plant a mix of locally native flowers recorded with this bee. Many use hollow stems, cavities, mud, leaf pieces, resin, or plant fibers. Leave stems and avoid over-cleaning."
Lithurgus littoralis,"leafcutter, mason, resin, and carder bee family",Megachilidae,Lithurgus,species,19,19,19,5,regional locality text,75.7,"Plant a mix of locally native flowers recorded with this bee. Many use hollow stems, cavities, mud, leaf pieces, resin, or plant fibers. Leave stems and avoid over-cleaning."
Macrotera crassa,mining bee family,Andrenidae,Macrotera,species,80,80,80,2,≤50 mi from Kyle coordinate,48.4,Plant a mix of locally native flowers recorded with this bee. Many are solitary ground-nesters. Keep some sunny bare soil and avoid sealing every patch with mulch.
Macrotera robertsi,mining bee family,Andrenidae,Macrotera,species,1,1,1,1,≤150 mi from Kyle coordinate,124.4,Plant a mix of locally native flowers recorded with this bee. Many are solitary ground-nesters. Keep some sunny bare soil and avoid sealing every patch with mulch.
Macrotera texana,mining bee family,Andrenidae,Macrotera,species,62,62,61,2,≤50 mi from Kyle coordinate,39.2,Plant a mix of locally native flowers recorded with this bee. Many are solitary ground-nesters. Keep some sunny bare soil and avoid sealing every patch with mulch.
Megachile,leafcutter/resin bee,Megachilidae,Megachile,genus,19,19,19,7,≤25 mi from Kyle coordinate,15.3,"Plant a mix of locally native flowers recorded with this bee. Many use hollow stems, cavities, mud, leaf pieces, resin, or plant fibers. Leave stems and avoid over-cleaning."
Megachile addenda,leafcutter/resin bee,Megachilidae,Megachile,species,17,17,17,2,≤50 mi from Kyle coordinate,34.7,"Plant a mix of locally native flowers recorded with this bee. Many use hollow stems, cavities, mud, leaf pieces, resin, or plant fibers. Leave stems and avoid over-cleaning."
Megachile agustini,leafcutter/resin bee,Megachilidae,Megachile,species,2,2,2,1,regional locality text,75.7,"Plant a mix of locally native flowers recorded with this bee. Many use hollow stems, cavities, mud, leaf pieces, resin, or plant fibers. Leave stems and avoid over-cleaning."
Megachile albitarsis,leafcutter/resin bee,Megachilidae,Megachile,species,2,2,0,0,≤150 mi from Kyle coordinate,101.5,"This dataset has little or no plant-link evidence for this taxon; use the family-level nesting clue first. Many use hollow stems, cavities, mud, leaf pieces, resin, or plant fibers. Leave stems and avoid over-cleaning."
Megachile altbitarsis,leafcutter/resin bee,,,unknown,4,4,4,2,≤25 mi from Kyle coordinate,21.1,Plant a mix of locally native flowers recorded with this bee. Protect nesting habitat and keep pesticide use low.
Megachile amica,leafcutter/resin bee,Megachilidae,Megachile,species,3,3,1,1,≤150 mi from Kyle coordinate,75.7,"Plant a mix of locally native flowers recorded with this bee. Many use hollow stems, cavities, mud, leaf pieces, resin, or plant fibers. Leave stems and avoid over-cleaning."
Megachile brevis,leafcutter/resin bee,Megachilidae,Megachile,species,34,34,26,11,≤25 mi from Kyle coordinate,20.8,"Plant a mix of locally native flowers recorded with this bee. Many use hollow stems, cavities, mud, leaf pieces, resin, or plant fibers. Leave stems and avoid over-cleaning."
Megachile campanulae,leafcutter/resin bee,Megachilidae,Megachile,species,1,1,1,1,≤50 mi from Kyle coordinate,36.5,"Plant a mix of locally native flowers recorded with this bee. Many use hollow stems, cavities, mud, leaf pieces, resin, or plant fibers. Leave stems and avoid over-cleaning."
Megachile casadae,leafcutter/resin bee,Megachilidae,Megachile,species,3,3,0,0,≤150 mi from Kyle coordinate,97.8,"This dataset has little or no plant-link evidence for this taxon; use the family-level nesting clue first. Many use hollow stems, cavities, mud, leaf pieces, resin, or plant fibers. Leave stems and avoid over-cleaning."
Megachile comata,leafcutter/resin bee,Megachilidae,Megachile,species,11,11,10,6,≤25 mi from Kyle coordinate,15.3,"Plant a mix of locally native flowers recorded with this bee. Many use hollow stems, cavities, mud, leaf pieces, resin, or plant fibers. Leave stems and avoid over-cleaning."
Megachile davidsoni,leafcutter/resin bee,Megachilidae,Megachile,species,1,1,1,1,uncertain/outside local filter,169.8,"Plant a mix of locally native flowers recorded with this bee. Many use hollow stems, cavities, mud, leaf pieces, resin, or plant fibers. Leave stems and avoid over-cleaning."
Megachile exilis,leafcutter/resin bee,Megachilidae,Megachile,species,4,4,4,2,≤25 mi from Kyle coordinate,23.7,"Plant a mix of locally native flowers recorded with this bee. Many use hollow stems, cavities, mud, leaf pieces, resin, or plant fibers. Leave stems and avoid over-cleaning."
Megachile fortis,leafcutter/resin bee,Megachilidae,Megachile,species,8,8,8,1,≤25 mi from Kyle coordinate,21.1,"Plant a mix of locally native flowers recorded with this bee. Many use hollow stems, cavities, mud, leaf pieces, resin, or plant fibers. Leave stems and avoid over-cleaning."
Megachile frugalis pseudofrugalis,leafcutter/resin bee,Megachilidae,Megachile,subspecies,12,12,11,3,≤50 mi from Kyle coordinate,48.1,"Plant a mix of locally native flowers recorded with this bee. Many use hollow stems, cavities, mud, leaf pieces, resin, or plant fibers. Leave stems and avoid over-cleaning."
Megachile gentilis,leafcutter/resin bee,Megachilidae,Megachile,species,2,2,2,1,uncertain/outside local filter,186.9,"Plant a mix of locally native flowers recorded with this bee. Many use hollow stems, cavities, mud, leaf pieces, resin, or plant fibers. Leave stems and avoid over-cleaning."
Megachile georgica,leafcutter/resin bee,Megachilidae,Megachile,species,6,6,6,1,≤50 mi from Kyle coordinate,34.7,"Plant a mix of locally native flowers recorded with this bee. Many use hollow stems, cavities, mud, leaf pieces, resin, or plant fibers. Leave stems and avoid over-cleaning."
Megachile inimica,leafcutter/resin bee,Megachilidae,Megachile,species,8,8,4,2,≤25 mi from Kyle coordinate,21.1,"Plant a mix of locally native flowers recorded with this bee. Many use hollow stems, cavities, mud, leaf pieces, resin, or plant fibers. Leave stems and avoid over-cleaning."
Megachile inimica sayi,leafcutter/resin bee,Megachilidae,Megachile,subspecies,1,1,0,0,regional locality text,62.6,"This dataset has little or no plant-link evidence for this taxon; use the family-level nesting clue first. Many use hollow stems, cavities, mud, leaf pieces, resin, or plant fibers. Leave stems and avoid over-cleaning."
Megachile instita,leafcutter/resin bee,Megachilidae,Megachile,species,3,3,3,2,≤150 mi from Kyle coordinate,97.8,"Plant a mix of locally native flowers recorded with this bee. Many use hollow stems, cavities, mud, leaf pieces, resin, or plant fibers. Leave stems and avoid over-cleaning."
Megachile lippiae,leafcutter/resin bee,Megachilidae,Megachile,species,18,18,18,7,≤50 mi from Kyle coordinate,34.7,"Plant a mix of locally native flowers recorded with this bee. Many use hollow stems, cavities, mud, leaf pieces, resin, or plant fibers. Leave stems and avoid over-cleaning."
Megachile mendica,leafcutter/resin bee,Megachilidae,Megachile,species,4,4,2,2,≤50 mi from Kyle coordinate,48.1,"Plant a mix of locally native flowers recorded with this bee. Many use hollow stems, cavities, mud, leaf pieces, resin, or plant fibers. Leave stems and avoid over-cleaning."
Megachile montivaga,leafcutter/resin bee,Megachilidae,Megachile,species,3,3,3,2,≤25 mi from Kyle coordinate,15.3,"Plant a mix of locally native flowers recorded with this bee. Many use hollow stems, cavities, mud, leaf pieces, resin, or plant fibers. Leave stems and avoid over-cleaning."
Megachile mucida,leafcutter/resin bee,Megachilidae,Megachile,species,1,1,0,0,≤150 mi from Kyle coordinate,54.2,"This dataset has little or no plant-link evidence for this taxon; use the family-level nesting clue first. Many use hollow stems, cavities, mud, leaf pieces, resin, or plant fibers. Leave stems and avoid over-cleaning."
Megachile mucorosa,leafcutter/resin bee,Megachilidae,Megachile,species,1,1,0,0,regional locality text,84.4,"This dataset has little or no plant-link evidence for this taxon; use the family-level nesting clue first. Many use hollow stems, cavities, mud, leaf pieces, resin, or plant fibers. Leave stems and avoid over-cleaning."
Megachile newberryae,leafcutter/resin bee,Megachilidae,Megachile,species,2,2,2,1,≤150 mi from Kyle coordinate,97.8,"Plant a mix of locally native flowers recorded with this bee. Many use hollow stems, cavities, mud, leaf pieces, resin, or plant fibers. Leave stems and avoid over-cleaning."
Megachile onobrychidis,leafcutter/resin bee,Megachilidae,Megachile,species,1,1,0,0,≤150 mi from Kyle coordinate,101.9,"This dataset has little or no plant-link evidence for this taxon; use the family-level nesting clue first. Many use hollow stems, cavities, mud, leaf pieces, resin, or plant fibers. Leave stems and avoid over-cleaning."
Megachile parallela,leafcutter/resin bee,Megachilidae,Megachile,species,44,44,12,7,≤50 mi from Kyle coordinate,34.7,"Plant a mix of locally native flowers recorded with this bee. Many use hollow stems, cavities, mud, leaf pieces, resin, or plant fibers. Leave stems and avoid over-cleaning."
Megachile parksi,leafcutter/resin bee,Megachilidae,Megachile,species,2,2,1,1,≤50 mi from Kyle coordinate,43.3,"Plant a mix of locally native flowers recorded with this bee. Many use hollow stems, cavities, mud, leaf pieces, resin, or plant fibers. Leave stems and avoid over-cleaning."
Megachile policaris,leafcutter/resin bee,Megachilidae,Megachile,species,198,198,71,21,≤25 mi from Kyle coordinate,20.8,"Plant a mix of locally native flowers recorded with this bee. Many use hollow stems, cavities, mud, leaf pieces, resin, or plant fibers. Leave stems and avoid over-cleaning."
Megachile pugnata,leafcutter/resin bee,Megachilidae,Megachile,species,1,1,1,1,regional locality text,75.7,"Plant a mix of locally native flowers recorded with this bee. Many use hollow stems, cavities, mud, leaf pieces, resin, or plant fibers. Leave stems and avoid over-cleaning."
Megachile rugifrons,leafcutter/resin bee,Megachilidae,Megachile,species,12,12,10,2,≤50 mi from Kyle coordinate,34.7,"Plant a mix of locally native flowers recorded with this bee. Many use hollow stems, cavities, mud, leaf pieces, resin, or plant fibers. Leave stems and avoid over-cleaning."
Megachile sculpturalis,leafcutter/resin bee,Megachilidae,Megachile,species,1,1,1,1,≤50 mi from Kyle coordinate,28.9,"Plant a mix of locally native flowers recorded with this bee. Many use hollow stems, cavities, mud, leaf pieces, resin, or plant fibers. Leave stems and avoid over-cleaning."
Megachile snowi,leafcutter/resin bee,Megachilidae,Megachile,species,2,2,2,2,≤50 mi from Kyle coordinate,34.7,"Plant a mix of locally native flowers recorded with this bee. Many use hollow stems, cavities, mud, leaf pieces, resin, or plant fibers. Leave stems and avoid over-cleaning."
Megachile townsendiana,leafcutter/resin bee,Megachilidae,Megachile,species,2,2,0,0,≤150 mi from Kyle coordinate,101.9,"This dataset has little or no plant-link evidence for this taxon; use the family-level nesting clue first. Many use hollow stems, cavities, mud, leaf pieces, resin, or plant fibers. Leave stems and avoid over-cleaning."
Megachilidae,"leafcutter, mason, resin, and carder bee family",Megachilidae,,family,1,1,0,0,≤150 mi from Kyle coordinate,54.2,"This dataset has little or no plant-link evidence for this taxon; use the family-level nesting clue first. Many use hollow stems, cavities, mud, leaf pieces, resin, or plant fibers. Leave stems and avoid over-cleaning."
Melissodes,long-horned bee,Apidae,Melissodes,genus,1,1,1,1,≤150 mi from Kyle coordinate,118.5,"Plant a mix of locally native flowers recorded with this bee. Very mixed family. Some nest in soil, wood, stems, cavities, or colonies. Use season-long bloom diversity."
Melissodes bimaculatus,long-horned bee,Apidae,Melissodes,species,43,43,15,7,≤25 mi from Kyle coordinate,7.3,"Plant a mix of locally native flowers recorded with this bee. Very mixed family. Some nest in soil, wood, stems, cavities, or colonies. Use season-long bloom diversity."
Melissodes communis communis,long-horned bee,Apidae,Melissodes,subspecies,12,12,12,6,≤50 mi from Kyle coordinate,34.7,"Plant a mix of locally native flowers recorded with this bee. Very mixed family. Some nest in soil, wood, stems, cavities, or colonies. Use season-long bloom diversity."
Melissodes coreopsis,long-horned bee,Apidae,Melissodes,species,35,35,32,9,≤25 mi from Kyle coordinate,15.3,"Plant a mix of locally native flowers recorded with this bee. Very mixed family. Some nest in soil, wood, stems, cavities, or colonies. Use season-long bloom diversity."
Melissodes gelidus,long-horned bee,Apidae,Melissodes,species,1,1,1,1,≤150 mi from Kyle coordinate,89.9,"Plant a mix of locally native flowers recorded with this bee. Very mixed family. Some nest in soil, wood, stems, cavities, or colonies. Use season-long bloom diversity."
Melissodes gilensis gilensis,long-horned bee,Apidae,Melissodes,subspecies,3,3,3,2,≤150 mi from Kyle coordinate,97.8,"Plant a mix of locally native flowers recorded with this bee. Very mixed family. Some nest in soil, wood, stems, cavities, or colonies. Use season-long bloom diversity."
Melissodes intortus,long-horned bee,Apidae,Melissodes,species,9,9,7,2,regional locality text,65.7,"Plant a mix of locally native flowers recorded with this bee. Very mixed family. Some nest in soil, wood, stems, cavities, or colonies. Use season-long bloom diversity."
Melissodes montanus,long-horned bee,Apidae,Melissodes,species,1,1,1,1,≤150 mi from Kyle coordinate,52.8,"Plant a mix of locally native flowers recorded with this bee. Very mixed family. Some nest in soil, wood, stems, cavities, or colonies. Use season-long bloom diversity."
Melissodes opuntiellus,long-horned bee,Apidae,Melissodes,species,2,2,2,1,uncertain/outside local filter,169.8,"Plant a mix of locally native flowers recorded with this bee. Very mixed family. Some nest in soil, wood, stems, cavities, or colonies. Use season-long bloom diversity."
Melissodes paroselae,long-horned bee,Apidae,Melissodes,species,2,2,2,1,≤150 mi from Kyle coordinate,130.6,"Plant a mix of locally native flowers recorded with this bee. Very mixed family. Some nest in soil, wood, stems, cavities, or colonies. Use season-long bloom diversity."
Melissodes rivalis,long-horned bee,Apidae,Melissodes,species,9,9,9,1,≤150 mi from Kyle coordinate,83.5,"Plant a mix of locally native flowers recorded with this bee. Very mixed family. Some nest in soil, wood, stems, cavities, or colonies. Use season-long bloom diversity."
Melissodes tepaneca,long-horned bee,Apidae,Melissodes,species,126,126,116,19,≤25 mi from Kyle coordinate,20.8,"Plant a mix of locally native flowers recorded with this bee. Very mixed family. Some nest in soil, wood, stems, cavities, or colonies. Use season-long bloom diversity."
Melissodes tristis,long-horned bee,Apidae,Melissodes,species,198,198,172,20,≤25 mi from Kyle coordinate,20.8,"Plant a mix of locally native flowers recorded with this bee. Very mixed family. Some nest in soil, wood, stems, cavities, or colonies. Use season-long bloom diversity."
Melissodes wheeleri,long-horned bee,Apidae,Melissodes,species,20,20,6,4,≤50 mi from Kyle coordinate,34.7,"Plant a mix of locally native flowers recorded with this bee. Very mixed family. Some nest in soil, wood, stems, cavities, or colonies. Use season-long bloom diversity."
Melissoptila otomita,"apids: bumble bees, carpenter bees, long-horned bees, honey bees, and relatives",Apidae,Melissoptila,species,2,2,2,1,≤25 mi from Kyle coordinate,21.4,"Plant a mix of locally native flowers recorded with this bee. Very mixed family. Some nest in soil, wood, stems, cavities, or colonies. Use season-long bloom diversity."
Nomada,cuckoo bee,Apidae,Nomada,genus,11,11,1,1,≤50 mi from Kyle coordinate,39.2,"Plant a mix of locally native flowers recorded with this bee. Very mixed family. Some nest in soil, wood, stems, cavities, or colonies. Use season-long bloom diversity."
Nomada texana,cuckoo bee,Apidae,Nomada,species,7,7,1,1,≤150 mi from Kyle coordinate,51.8,"Plant a mix of locally native flowers recorded with this bee. Very mixed family. Some nest in soil, wood, stems, cavities, or colonies. Use season-long bloom diversity."
Nomia fedorensis,sweat bee family,Halictidae,Nomia,species,1,1,1,1,≤50 mi from Kyle coordinate,43.3,Plant a mix of locally native flowers recorded with this bee. Many are small ground-nesting bees. Bare soil patches and low-disturbance edges can matter.
Nomia nortoni,sweat bee family,Halictidae,Nomia,species,2,2,1,1,≤25 mi from Kyle coordinate,9.0,Plant a mix of locally native flowers recorded with this bee. Many are small ground-nesting bees. Bare soil patches and low-disturbance edges can matter.
Nomia nortoni nortoni,sweat bee family,Halictidae,Nomia,subspecies,5,5,4,2,≤25 mi from Kyle coordinate,20.8,Plant a mix of locally native flowers recorded with this bee. Many are small ground-nesting bees. Bare soil patches and low-disturbance edges can matter.
Nomia tetrazonata,sweat bee family,Halictidae,Nomia,species,1,1,0,0,uncertain/outside local filter,186.7,This dataset has little or no plant-link evidence for this taxon; use the family-level nesting clue first. Many are small ground-nesting bees. Bare soil patches and low-disturbance edges can matter.
Osmia botitena,mason bee,Megachilidae,Osmia,species,1,1,0,0,regional locality text,102.0,"This dataset has little or no plant-link evidence for this taxon; use the family-level nesting clue first. Many use hollow stems, cavities, mud, leaf pieces, resin, or plant fibers. Leave stems and avoid over-cleaning."
Osmia chalybea,mason bee,Megachilidae,Osmia,species,2,2,2,1,≤50 mi from Kyle coordinate,27.8,"Plant a mix of locally native flowers recorded with this bee. Many use hollow stems, cavities, mud, leaf pieces, resin, or plant fibers. Leave stems and avoid over-cleaning."
Osmia coloradensis,mason bee,Megachilidae,Osmia,species,11,11,11,1,≤50 mi from Kyle coordinate,33.0,"Plant a mix of locally native flowers recorded with this bee. Many use hollow stems, cavities, mud, leaf pieces, resin, or plant fibers. Leave stems and avoid over-cleaning."
Osmia georgica,mason bee,Megachilidae,Osmia,species,1,1,1,1,≤50 mi from Kyle coordinate,33.0,"Plant a mix of locally native flowers recorded with this bee. Many use hollow stems, cavities, mud, leaf pieces, resin, or plant fibers. Leave stems and avoid over-cleaning."
Osmia ribifloris,mason bee,Megachilidae,Osmia,species,1,1,1,1,≤25 mi from Kyle coordinate,20.8,"Plant a mix of locally native flowers recorded with this bee. Many use hollow stems, cavities, mud, leaf pieces, resin, or plant fibers. Leave stems and avoid over-cleaning."
Osmia ribifloris ribifloris,mason bee,Megachilidae,Osmia,subspecies,2,2,1,1,≤25 mi from Kyle coordinate,15.2,"Plant a mix of locally native flowers recorded with this bee. Many use hollow stems, cavities, mud, leaf pieces, resin, or plant fibers. Leave stems and avoid over-cleaning."
Osmia subfasciata,mason bee,Megachilidae,Osmia,species,12,12,12,2,≤25 mi from Kyle coordinate,21.4,"Plant a mix of locally native flowers recorded with this bee. Many use hollow stems, cavities, mud, leaf pieces, resin, or plant fibers. Leave stems and avoid over-cleaning."
Osmia subfasciata subfasciata,mason bee,Megachilidae,Osmia,subspecies,60,60,40,4,regional locality text,75.7,"Plant a mix of locally native flowers recorded with this bee. Many use hollow stems, cavities, mud, leaf pieces, resin, or plant fibers. Leave stems and avoid over-cleaning."
Osmia texana,mason bee,Megachilidae,Osmia,species,16,16,16,4,regional locality text,76.8,"Plant a mix of locally native flowers recorded with this bee. Many use hollow stems, cavities, mud, leaf pieces, resin, or plant fibers. Leave stems and avoid over-cleaning."
Panurgini,mining bee family,Andrenidae,,tribe,5,5,4,3,≤50 mi from Kyle coordinate,25.7,Plant a mix of locally native flowers recorded with this bee. Many are solitary ground-nesters. Keep some sunny bare soil and avoid sealing every patch with mulch.
Panurginus,mining bee family,Andrenidae,Panurginus,genus,2,2,2,1,regional locality text,84.4,Plant a mix of locally native flowers recorded with this bee. Many are solitary ground-nesters. Keep some sunny bare soil and avoid sealing every patch with mulch.
Panurginus polytrichus,mining bee family,Andrenidae,Panurginus,species,2,2,0,0,≤150 mi from Kyle coordinate,135.8,This dataset has little or no plant-link evidence for this taxon; use the family-level nesting clue first. Many are solitary ground-nesters. Keep some sunny bare soil and avoid sealing every patch with mulch.
Peponapis pruinosa,"apids: bumble bees, carpenter bees, long-horned bees, honey bees, and relatives",Apidae,Peponapis,species,3,3,3,2,≤25 mi from Kyle coordinate,21.1,"Plant a mix of locally native flowers recorded with this bee. Very mixed family. Some nest in soil, wood, stems, cavities, or colonies. Use season-long bloom diversity."
Perdita,small mining bee,Andrenidae,Perdita,genus,8,8,8,2,≤150 mi from Kyle coordinate,68.8,Plant a mix of locally native flowers recorded with this bee. Many are solitary ground-nesters. Keep some sunny bare soil and avoid sealing every patch with mulch.
Perdita ashmeadi vierecki,small mining bee,Andrenidae,Perdita,subspecies,4,4,4,1,uncertain/outside local filter,178.7,Plant a mix of locally native flowers recorded with this bee. Many are solitary ground-nesters. Keep some sunny bare soil and avoid sealing every patch with mulch.
Perdita beameri,small mining bee,Andrenidae,Perdita,species,30,30,0,0,≤150 mi from Kyle coordinate,97.8,This dataset has little or no plant-link evidence for this taxon; use the family-level nesting clue first. Many are solitary ground-nesters. Keep some sunny bare soil and avoid sealing every patch with mulch.
Perdita deltophora,small mining bee,Andrenidae,Perdita,species,12,12,2,2,≤150 mi from Kyle coordinate,97.8,Plant a mix of locally native flowers recorded with this bee. Many are solitary ground-nesters. Keep some sunny bare soil and avoid sealing every patch with mulch.
Perdita exclamans,small mining bee,Andrenidae,Perdita,species,1,1,1,1,uncertain/outside local filter,178.7,Plant a mix of locally native flowers recorded with this bee. Many are solitary ground-nesters. Keep some sunny bare soil and avoid sealing every patch with mulch.
Perdita foveata brachycephala,small mining bee,Andrenidae,Perdita,subspecies,36,36,12,1,≤50 mi from Kyle coordinate,43.3,Plant a mix of locally native flowers recorded with this bee. Many are solitary ground-nesters. Keep some sunny bare soil and avoid sealing every patch with mulch.
Perdita gerhardi dallasiana,small mining bee,Andrenidae,Perdita,subspecies,7,7,0,0,≤50 mi from Kyle coordinate,43.3,This dataset has little or no plant-link evidence for this taxon; use the family-level nesting clue first. Many are solitary ground-nesters. Keep some sunny bare soil and avoid sealing every patch with mulch.
Perdita (Hexaperdita) ignota isopappi x crawfordi,small mining bee,Andrenidae,Perdita,unknown,106,106,106,2,regional locality text,52.8,Plant a mix of locally native flowers recorded with this bee. Many are solitary ground-nesters. Keep some sunny bare soil and avoid sealing every patch with mulch.
Perdita ignota crawfordi,small mining bee,Andrenidae,Perdita,subspecies,93,93,93,2,regional locality text,56.9,Plant a mix of locally native flowers recorded with this bee. Many are solitary ground-nesters. Keep some sunny bare soil and avoid sealing every patch with mulch.
Perdita ignota isopappi,small mining bee,Andrenidae,Perdita,subspecies,29,29,28,1,≤50 mi from Kyle coordinate,43.3,Plant a mix of locally native flowers recorded with this bee. Many are solitary ground-nesters. Keep some sunny bare soil and avoid sealing every patch with mulch.
Perdita lenis,small mining bee,Andrenidae,Perdita,species,5,5,0,0,≤150 mi from Kyle coordinate,97.8,This dataset has little or no plant-link evidence for this taxon; use the family-level nesting clue first. Many are solitary ground-nesters. Keep some sunny bare soil and avoid sealing every patch with mulch.
Perdita (Macrotera) texana texana,small mining bee,Andrenidae,Perdita,unknown,4,4,4,1,≤50 mi from Kyle coordinate,34.7,Plant a mix of locally native flowers recorded with this bee. Many are solitary ground-nesters. Keep some sunny bare soil and avoid sealing every patch with mulch.
Perdita missionis,small mining bee,Andrenidae,Perdita,species,16,16,7,1,regional locality text,103.2,Plant a mix of locally native flowers recorded with this bee. Many are solitary ground-nesters. Keep some sunny bare soil and avoid sealing every patch with mulch.
Perdita munita,small mining bee,Andrenidae,Perdita,species,2,2,2,1,≤150 mi from Kyle coordinate,97.8,Plant a mix of locally native flowers recorded with this bee. Many are solitary ground-nesters. Keep some sunny bare soil and avoid sealing every patch with mulch.
Perdita nigroviridis,small mining bee,Andrenidae,Perdita,species,14,14,14,1,≤150 mi from Kyle coordinate,144.9,Plant a mix of locally native flowers recorded with this bee. Many are solitary ground-nesters. Keep some sunny bare soil and avoid sealing every patch with mulch.
Perdita pedernalensis,small mining bee,Andrenidae,Perdita,species,5,5,5,1,≤50 mi from Kyle coordinate,32.8,Plant a mix of locally native flowers recorded with this bee. Many are solitary ground-nesters. Keep some sunny bare soil and avoid sealing every patch with mulch.
Perdita pratti,small mining bee,Andrenidae,Perdita,species,21,21,15,1,regional locality text,56.9,Plant a mix of locally native flowers recorded with this bee. Many are solitary ground-nesters. Keep some sunny bare soil and avoid sealing every patch with mulch.
Perdita purpurascens,small mining bee,Andrenidae,Perdita,species,216,216,6,2,≤50 mi from Kyle coordinate,39.2,Plant a mix of locally native flowers recorded with this bee. Many are solitary ground-nesters. Keep some sunny bare soil and avoid sealing every patch with mulch.
Perdita scopata,small mining bee,Andrenidae,Perdita,species,21,21,2,1,regional locality text,56.9,Plant a mix of locally native flowers recorded with this bee. Many are solitary ground-nesters. Keep some sunny bare soil and avoid sealing every patch with mulch.
Perdita sexmaculata,small mining bee,Andrenidae,Perdita,species,15,15,12,2,≤150 mi from Kyle coordinate,68.8,Plant a mix of locally native flowers recorded with this bee. Many are solitary ground-nesters. Keep some sunny bare soil and avoid sealing every patch with mulch.
Perdita shinnersi,small mining bee,Andrenidae,Perdita,species,1,1,0,0,≤50 mi from Kyle coordinate,39.2,This dataset has little or no plant-link evidence for this taxon; use the family-level nesting clue first. Many are solitary ground-nesters. Keep some sunny bare soil and avoid sealing every patch with mulch.
Perdita xanthisma,small mining bee,Andrenidae,Perdita,species,30,30,30,1,regional locality text,63.4,Plant a mix of locally native flowers recorded with this bee. Many are solitary ground-nesters. Keep some sunny bare soil and avoid sealing every patch with mulch.
Prosopis,yellow-faced bee,Colletidae,Prosopis,genus,30,30,0,0,≤25 mi from Kyle coordinate,20.8,This dataset has little or no plant-link evidence for this taxon; use the family-level nesting clue first. Many line nest cells with a waterproof material; several nest in soil or stems. Avoid over-managing every nesting edge.
Protandrena abdominalis,mining bee,Andrenidae,Protandrena,species,13,13,9,3,≤50 mi from Kyle coordinate,35.2,Plant a mix of locally native flowers recorded with this bee. Many are solitary ground-nesters. Keep some sunny bare soil and avoid sealing every patch with mulch.
Protandrena bancrofti,mining bee,Andrenidae,Protandrena,species,1,1,0,0,regional locality text,81.7,This dataset has little or no plant-link evidence for this taxon; use the family-level nesting clue first. Many are solitary ground-nesters. Keep some sunny bare soil and avoid sealing every patch with mulch.
Protandrena mexicanorum,mining bee,Andrenidae,Protandrena,species,1,1,1,1,uncertain/outside local filter,169.8,Plant a mix of locally native flowers recorded with this bee. Many are solitary ground-nesters. Keep some sunny bare soil and avoid sealing every patch with mulch.
Protandrena ornatipes,mining bee,Andrenidae,Protandrena,species,9,9,9,5,≤50 mi from Kyle coordinate,37.6,Plant a mix of locally native flowers recorded with this bee. Many are solitary ground-nesters. Keep some sunny bare soil and avoid sealing every patch with mulch.
Protandrena (Pterosarus),mining bee,Andrenidae,Protandrena,unknown,4,4,3,1,Hays-core locality text,24.5,Plant a mix of locally native flowers recorded with this bee. Many are solitary ground-nesters. Keep some sunny bare soil and avoid sealing every patch with mulch.
Protandrena (Pterosarus) albitarsis picipes,mining bee,Andrenidae,Protandrena,unknown,1,1,0,0,Hays-core locality text,24.5,This dataset has little or no plant-link evidence for this taxon; use the family-level nesting clue first. Many are solitary ground-nesters. Keep some sunny bare soil and avoid sealing every patch with mulch.
Protandrena (Pterosarus) albitarsis porterae,mining bee,Andrenidae,Protandrena,unknown,27,27,1,1,≤150 mi from Kyle coordinate,53.3,Plant a mix of locally native flowers recorded with this bee. Many are solitary ground-nesters. Keep some sunny bare soil and avoid sealing every patch with mulch.
Protandrena texana,mining bee,Andrenidae,Protandrena,species,1,1,1,1,≤150 mi from Kyle coordinate,75.7,Plant a mix of locally native flowers recorded with this bee. Many are solitary ground-nesters. Keep some sunny bare soil and avoid sealing every patch with mulch.
Pseudopanurgus aethiops,mining bee family,Andrenidae,Pseudopanurgus,species,2,2,2,1,≤150 mi from Kyle coordinate,52.8,Plant a mix of locally native flowers recorded with this bee. Many are solitary ground-nesters. Keep some sunny bare soil and avoid sealing every patch with mulch.
Pseudopanurgus albitarsis,mining bee family,Andrenidae,Pseudopanurgus,species,6,6,6,3,≤25 mi from Kyle coordinate,14.9,Plant a mix of locally native flowers recorded with this bee. Many are solitary ground-nesters. Keep some sunny bare soil and avoid sealing every patch with mulch.
Pseudopanurgus ornatipes,mining bee family,Andrenidae,Pseudopanurgus,species,2,2,2,1,≤25 mi from Kyle coordinate,14.9,Plant a mix of locally native flowers recorded with this bee. Many are solitary ground-nesters. Keep some sunny bare soil and avoid sealing every patch with mulch.
Pseudopanurgus renimaculatus,mining bee family,Andrenidae,Pseudopanurgus,species,2,2,2,1,regional locality text,58.0,Plant a mix of locally native flowers recorded with this bee. Many are solitary ground-nesters. Keep some sunny bare soil and avoid sealing every patch with mulch.
Pseudopanurgus rugosus,mining bee family,Andrenidae,Pseudopanurgus,species,2,2,2,1,≤50 mi from Kyle coordinate,34.7,Plant a mix of locally native flowers recorded with this bee. Many are solitary ground-nesters. Keep some sunny bare soil and avoid sealing every patch with mulch.
Pseudopanurgus texanus,mining bee family,Andrenidae,Pseudopanurgus,species,2,2,2,1,≤50 mi from Kyle coordinate,27.3,Plant a mix of locally native flowers recorded with this bee. Many are solitary ground-nesters. Keep some sunny bare soil and avoid sealing every patch with mulch.
Sphecodes,cuckoo sweat bee,Halictidae,Sphecodes,genus,1,1,1,1,uncertain/outside local filter,180.2,Plant a mix of locally native flowers recorded with this bee. Many are small ground-nesting bees. Bare soil patches and low-disturbance edges can matter.
Sphecodes minor,cuckoo sweat bee,Halictidae,Sphecodes,species,1,1,1,1,≤25 mi from Kyle coordinate,20.4,Plant a mix of locally native flowers recorded with this bee. Many are small ground-nesting bees. Bare soil patches and low-disturbance edges can matter.
Sphecodes (Sphecodium),cuckoo sweat bee,Halictidae,Sphecodes,unknown,11,11,9,2,≤25 mi from Kyle coordinate,20.4,Plant a mix of locally native flowers recorded with this bee. Many are small ground-nesting bees. Bare soil patches and low-disturbance edges can matter.
Sphecodosoma beameri,sweat bee family,Halictidae,Sphecodosoma,species,12,12,12,1,uncertain/outside local filter,187.2,Plant a mix of locally native flowers recorded with this bee. Many are small ground-nesting bees. Bare soil patches and low-disturbance edges can matter.
Sphecodosoma pratti,sweat bee family,Halictidae,Sphecodosoma,species,1,1,0,0,regional locality text,103.2,This dataset has little or no plant-link evidence for this taxon; use the family-level nesting clue first. Many are small ground-nesting bees. Bare soil patches and low-disturbance edges can matter.
Stelis diversicolor,"leafcutter, mason, resin, and carder bee family",Megachilidae,Stelis,species,2,2,2,1,≤50 mi from Kyle coordinate,27.3,"Plant a mix of locally native flowers recorded with this bee. Many use hollow stems, cavities, mud, leaf pieces, resin, or plant fibers. Leave stems and avoid over-cleaning."
Stelis lateralis,"leafcutter, mason, resin, and carder bee family",Megachilidae,Stelis,species,1,1,0,0,regional locality text,102.0,"This dataset has little or no plant-link evidence for this taxon; use the family-level nesting clue first. Many use hollow stems, cavities, mud, leaf pieces, resin, or plant fibers. Leave stems and avoid over-cleaning."
Svastra grandissima,long-horned bee,Apidae,Svastra,species,1,1,1,1,≤150 mi from Kyle coordinate,83.9,"Plant a mix of locally native flowers recorded with this bee. Very mixed family. Some nest in soil, wood, stems, cavities, or colonies. Use season-long bloom diversity."
Svastra obliqua,long-horned bee,Apidae,Svastra,species,9,9,6,1,≤25 mi from Kyle coordinate,21.1,"Plant a mix of locally native flowers recorded with this bee. Very mixed family. Some nest in soil, wood, stems, cavities, or colonies. Use season-long bloom diversity."
Svastra obliqua obliqua,long-horned bee,Apidae,Svastra,subspecies,1,1,1,1,≤150 mi from Kyle coordinate,83.5,"Plant a mix of locally native flowers recorded with this bee. Very mixed family. Some nest in soil, wood, stems, cavities, or colonies. Use season-long bloom diversity."
Svastra petulca,long-horned bee,Apidae,Svastra,species,98,98,70,6,≤25 mi from Kyle coordinate,14.9,"Plant a mix of locally native flowers recorded with this bee. Very mixed family. Some nest in soil, wood, stems, cavities, or colonies. Use season-long bloom diversity."
Svastra petulca suffusa,long-horned bee,Apidae,Svastra,subspecies,103,103,86,3,≤50 mi from Kyle coordinate,34.7,"Plant a mix of locally native flowers recorded with this bee. Very mixed family. Some nest in soil, wood, stems, cavities, or colonies. Use season-long bloom diversity."
Tetraloniella albata,"apids: bumble bees, carpenter bees, long-horned bees, honey bees, and relatives",Apidae,Tetraloniella,species,1,1,0,0,regional locality text,84.4,"This dataset has little or no plant-link evidence for this taxon; use the family-level nesting clue first. Very mixed family. Some nest in soil, wood, stems, cavities, or colonies. Use season-long bloom diversity."
Tetraloniella fasciatella,"apids: bumble bees, carpenter bees, long-horned bees, honey bees, and relatives",Apidae,Tetraloniella,species,1,1,0,0,uncertain/outside local filter,192.9,"This dataset has little or no plant-link evidence for this taxon; use the family-level nesting clue first. Very mixed family. Some nest in soil, wood, stems, cavities, or colonies. Use season-long bloom diversity."
Tetraloniella spissa,"apids: bumble bees, carpenter bees, long-horned bees, honey bees, and relatives",Apidae,Tetraloniella,species,1,1,1,1,≤150 mi from Kyle coordinate,52.8,"Plant a mix of locally native flowers recorded with this bee. Very mixed family. Some nest in soil, wood, stems, cavities, or colonies. Use season-long bloom diversity."
Thoracobombus,bumble bee,Apidae,Bombus,subgenus,12,12,2,2,≤25 mi from Kyle coordinate,13.6,"Plant a mix of locally native flowers recorded with this bee. Very mixed family. Some nest in soil, wood, stems, cavities, or colonies. Use season-long bloom diversity."
Triepeolus concavus,cuckoo bee,Apidae,Triepeolus,species,2,2,2,1,≤25 mi from Kyle coordinate,21.1,"Plant a mix of locally native flowers recorded with this bee. Very mixed family. Some nest in soil, wood, stems, cavities, or colonies. Use season-long bloom diversity."
Triepeolus lunatus,cuckoo bee,Apidae,Triepeolus,species,2,2,2,1,≤150 mi from Kyle coordinate,130.6,"Plant a mix of locally native flowers recorded with this bee. Very mixed family. Some nest in soil, wood, stems, cavities, or colonies. Use season-long bloom diversity."
Triepeolus margaretae,cuckoo bee,Apidae,Triepeolus,species,1,1,0,0,≤150 mi from Kyle coordinate,95.9,"This dataset has little or no plant-link evidence for this taxon; use the family-level nesting clue first. Very mixed family. Some nest in soil, wood, stems, cavities, or colonies. Use season-long bloom diversity."
Triepeolus rhododontus,cuckoo bee,Apidae,Triepeolus,species,4,4,4,1,≤150 mi from Kyle coordinate,130.6,"Plant a mix of locally native flowers recorded with this bee. Very mixed family. Some nest in soil, wood, stems, cavities, or colonies. Use season-long bloom diversity."
Triepeolus rufoclypeus,cuckoo bee,Apidae,Triepeolus,species,4,4,4,2,≤25 mi from Kyle coordinate,21.4,"Plant a mix of locally native flowers recorded with this bee. Very mixed family. Some nest in soil, wood, stems, cavities, or colonies. Use season-long bloom diversity."
Xeromelecta californica,"apids: bumble bees, carpenter bees, long-horned bees, honey bees, and relatives",Apidae,Xeromelecta,species,4,4,4,2,≤150 mi from Kyle coordinate,130.6,"Plant a mix of locally native flowers recorded with this bee. Very mixed family. Some nest in soil, wood, stems, cavities, or colonies. Use season-long bloom diversity."
Xylocopa,carpenter bee,Apidae,Xylocopa,genus,4,4,4,2,≤25 mi from Kyle coordinate,21.9,"Plant a mix of locally native flowers recorded with this bee. Very mixed family. Some nest in soil, wood, stems, cavities, or colonies. Use season-long bloom diversity."
Xylocopa californica,carpenter bee,Apidae,Xylocopa,species,2,2,2,1,≤150 mi from Kyle coordinate,130.6,"Plant a mix of locally native flowers recorded with this bee. Very mixed family. Some nest in soil, wood, stems, cavities, or colonies. Use season-long bloom diversity."
Xylocopa californica arizonensis,carpenter bee,Apidae,Xylocopa,subspecies,2,2,2,2,≤150 mi from Kyle coordinate,97.8,"Plant a mix of locally native flowers recorded with this bee. Very mixed family. Some nest in soil, wood, stems, cavities, or colonies. Use season-long bloom diversity."
Xylocopa micans,carpenter bee,Apidae,Xylocopa,species,7,7,7,5,≤25 mi from Kyle coordinate,21.4,"Plant a mix of locally native flowers recorded with this bee. Very mixed family. Some nest in soil, wood, stems, cavities, or colonies. Use season-long bloom diversity."
Xylocopa tabaniformis,carpenter bee,Apidae,Xylocopa,species,1,1,1,1,≤150 mi from Kyle coordinate,54.5,"Plant a mix of locally native flowers recorded with this bee. Very mixed family. Some nest in soil, wood, stems, cavities, or colonies. Use season-long bloom diversity."
Xylocopa tabaniformis parkinsoniae,carpenter bee,Apidae,Xylocopa,subspecies,13,13,10,6,≤50 mi from Kyle coordinate,27.8,"Plant a mix of locally native flowers recorded with this bee. Very mixed family. Some nest in soil, wood, stems, cavities, or colonies. Use season-long bloom diversity."
Xylocopa virginica,carpenter bee,Apidae,Xylocopa,species,30,30,24,10,≤25 mi from Kyle coordinate,15.3,"Plant a mix of locally native flowers recorded with this bee. Very mixed family. Some nest in soil, wood, stems, cavities, or colonies. Use season-long bloom diversity."
Xylocopa virginica texana,carpenter bee,Apidae,Xylocopa,subspecies,6,6,5,3,≤50 mi from Kyle coordinate,40.3,"Plant a mix of locally native flowers recorded with this bee. Very mixed family. Some nest in soil, wood, stems, cavities, or colonies. Use season-long bloom diversity."
