bee,bee_family,bee_rank,plant,plant_common_name,plant_family,source_backed_rows,near_local_rows,within150_rows,direct_visit_feeding_rows,general_association_rows,weak_nearby_rows,interaction_types,top_localities
Agapostemon,Halictidae,genus,Pyrus calleryana,,Rosaceae,1,1,1,1,0,0,visitsFlowersOf:1,
Agapostemon angelicus,Halictidae,species,Opuntia phaeacantha major,,Cactaceae,2,0,2,0,2,0,interactsWith:2,"Menard, 14 mi S:2"
Agapostemon meliventris,,unknown,Vitex agnus-castus,chaste tree,Lamiaceae,3,3,3,0,3,0,interactsWith:3,
Agapostemon melliventris,Halictidae,species,Clematis,,Ranunculaceae,5,0,5,0,5,0,interactsWith:5,"Sarita, 5 km N:5"
Agapostemon melliventris,Halictidae,species,Prosopis,,Fabaceae,3,0,3,0,3,0,interactsWith:3,"Sarita, 5 km N:3"
Agapostemon melliventris,Halictidae,species,Vitex agnus-castus,chaste tree,Lamiaceae,3,3,3,0,3,0,interactsWith:3,
Agapostemon splendens,Halictidae,species,Asteraceae,sunflower family,Asteraceae,1,0,1,0,1,0,interactsWith:1,
Agapostemon splendens,Halictidae,species,Cactaceae,,Cactaceae,1,1,1,0,1,0,interactsWith:1,
Agapostemon splendens,Halictidae,species,Ludwigia octovalvis,,Onagraceae,1,1,1,1,0,0,visitsFlowersOf:1,
Agapostemon texanus,Halictidae,species,Asteraceae,sunflower family,Asteraceae,1,1,1,0,1,0,interactsWith:1,
Agapostemon texanus,Halictidae,species,Cirsium texanum,Texas thistle,Asteraceae,2,2,2,0,2,0,interactsWith:2,
Agapostemon texanus,Halictidae,species,Gaillardia suavis,perfumeball / pincushion daisy,Asteraceae,5,0,5,0,5,0,interactsWith:5,Harper:5
Agapostemon texanus,Halictidae,species,Helianthus debilis,,Asteraceae,1,0,1,0,1,0,interactsWith:1,Goliad:1
Agapostemon texanus,Halictidae,species,Monarda citriodora,lemon beebalm / lemon horsemint,Lamiaceae,1,1,1,0,1,0,interactsWith:1,
Agapostemon texanus,Halictidae,species,Oncidium ensatum,,Orchidaceae,4,4,4,0,4,0,interactsWith:4,
Agapostemon texanus,Halictidae,species,Phacelia,phacelia,Hydrophyllaceae,2,0,2,0,2,0,interactsWith:2,"Kerrville, 10 mi N:2"
Agapostemon texanus,Halictidae,species,Ratibida columnifera,Mexican hat / upright prairie coneflower,Asteraceae,38,38,38,0,38,0,interactsWith:38,
Agapostemon texanus,Halictidae,species,Salvia ballotaeflora,,Lamiaceae,2,0,2,0,2,0,interactsWith:2,United States of America:2
Andrena afimbriata,Andrenidae,species,Polygala alba,white milkwort,Polygalaceae,1,1,1,0,1,0,interactsWith:1,Paige:1
Andrena afimbriata,Andrenidae,species,Pyrrhopappus carolinianus,Carolina false dandelion,Asteraceae,2,0,0,0,2,0,interactsWith:2,Eldorado:2
Andrena andrenoides,Andrenidae,species,Salix,willow,Salicaceae,17,0,17,0,17,0,interactsWith:17,"Rockdale:8; Mason, 10 mi N:7; Lexington:2"
Andrena arenicola,Andrenidae,species,Salix,willow,Salicaceae,15,0,15,0,15,0,interactsWith:15,"Mason, 10 mi N:10; Rockdale:4; Lexington:1"
Andrena banksi,Andrenidae,species,Salix,willow,Salicaceae,1,0,1,0,1,0,interactsWith:1,Lexington:1
Andrena brevicornis,Andrenidae,species,Papaveraceae,,Papaveraceae,1,0,1,0,1,0,interactsWith:1,Davis Mountain State Park:1
Andrena commoda,Andrenidae,species,Phacelia,phacelia,Hydrophyllaceae,1,0,1,0,1,0,interactsWith:1,"Concan, 8 mi S:1"
Andrena crataegi,Andrenidae,species,Salix,willow,Salicaceae,2,0,2,0,2,0,interactsWith:2,Lexington:2
Andrena crawfordi,Andrenidae,species,Polygala alba,white milkwort,Polygalaceae,16,16,16,0,16,0,interactsWith:16,Paige:16
Andrena crawfordi,Andrenidae,species,Pyrrhopappus,false dandelion,Asteraceae,2,2,2,0,2,0,interactsWith:2,"Paige:1; Giddings, 9 mi W:1"
Andrena illinoiensis,Andrenidae,species,Salix,willow,Salicaceae,7,0,7,0,7,0,interactsWith:7,Rockdale:6; Karnes City:1
Andrena macoupinensis,Andrenidae,species,Rhus aromatica,fragrant sumac,Anacardiaceae,1,1,1,0,1,0,interactsWith:1,"Austin, 15 mi W:1"
Andrena macoupinensis,Andrenidae,species,Salix,willow,Salicaceae,3,2,3,0,3,0,interactsWith:3,Luling:2; Karnes City:1
Andrena macra,Andrenidae,species,Salix,willow,Salicaceae,2,0,2,0,2,0,interactsWith:2,Rockdale:2
Andrena micheneriella,Andrenidae,species,Gutierrezia texana,,Asteraceae,1,0,1,0,1,0,interactsWith:1,"San Antonio, Holm Rd & Peasrall Rd:1"
Andrena miserabilis,Andrenidae,species,Prunus,,Rosaceae,3,0,3,0,3,0,interactsWith:3,Rockdale:2; Lexington:1
Andrena miserabilis,Andrenidae,species,Salix,willow,Salicaceae,12,0,12,0,12,0,interactsWith:12,Rockdale:7; Lexington:5
Andrena monilicornis,Andrenidae,species,Rhus,,Anacardiaceae,1,0,1,0,1,0,interactsWith:1,Davis Mountains:1
Andrena nasonii,Andrenidae,species,Salix,willow,Salicaceae,22,22,22,0,22,0,interactsWith:22,Luling:22
Andrena nigrae,Andrenidae,species,Salix,willow,Salicaceae,8,6,8,0,8,0,interactsWith:8,Luling:6; Rockdale:1; Lexington:1
Andrena perplexa,Andrenidae,species,Rhus aromatica,fragrant sumac,Anacardiaceae,1,1,1,0,1,0,interactsWith:1,"Austin, 15 mi W:1"
Andrena personata,Andrenidae,species,Salix,willow,Salicaceae,27,27,27,0,27,0,interactsWith:27,Luling:27
Andrena primulifrons,Andrenidae,species,Physaria gordonii,,Brassicaceae,34,0,0,0,34,0,interactsWith:34,Mertzon:34
Andrena rudbeckiae,Andrenidae,species,Ratibida columnifera,Mexican hat / upright prairie coneflower,Asteraceae,12,6,12,0,12,0,interactsWith:12,Weser:6; Pedernales Falls State Park:2
Andrena sagittagalea,Andrenidae,species,Salix,willow,Salicaceae,5,5,5,0,5,0,interactsWith:5,Luling:5
Andrena senticulosa,Andrenidae,species,Pyrrhopappus,false dandelion,Asteraceae,4,4,4,0,4,0,interactsWith:4,"Giddings, 9 mi W:4"
Andrena senticulosa,Andrenidae,species,Senecio ampullaceus,,Asteraceae,1,0,1,0,1,0,interactsWith:1,"Devine, 10 mi E:1"
Andrena trapezoidea,Andrenidae,species,Physaria gordonii,,Brassicaceae,10,0,0,0,10,0,interactsWith:10,Mertzon:10
Andrena unicostata,Andrenidae,species,Salix,willow,Salicaceae,8,0,8,0,8,0,interactsWith:8,"Mason, 10 mi N:4; Lexington:4"
Andrena verecunda,Andrenidae,species,Engelmannia peristenia,,Asteraceae,2,0,0,0,2,0,interactsWith:2,Eldorado:2
Andrena verecunda,Andrenidae,species,Pyrrhopappus carolinianus,Carolina false dandelion,Asteraceae,6,0,0,0,6,0,interactsWith:6,Eldorado:6
Anthidiellum notatum,Megachilidae,species,Streptanthus petiolaris,,Brassicaceae,2,2,2,2,0,0,eats:1; visits:1,
Anthidium maculifrons,Megachilidae,species,Phacelia,phacelia,Boraginaceae,1,0,0,0,1,0,interactsWith:1,"Sonora, 36 mi S:1"
Anthidium maculifrons,Megachilidae,species,Tephrosia virginiana,goat’s-rue,Fabaceae,3,3,3,0,3,0,interactsWith:3,McDade:3
Anthidium palmarum,Megachilidae,species,Bahia,,Asteraceae,2,0,2,0,2,0,interactsWith:2,Davis Mountains:2
Anthidium palmarum,Megachilidae,species,Lupinus,lupine / bluebonnet group,Fabaceae,4,0,0,0,4,0,interactsWith:4,Quemado:4
Anthidium palmarum,Megachilidae,species,Marrubium vulgare,horehound,Lamiaceae,2,0,2,0,2,0,interactsWith:2,United States of America:2
Anthidium palmarum,Megachilidae,species,Phacelia,phacelia,Hydrophyllaceae,72,0,65,0,72,0,interactsWith:72,"Davis Mountains:59; Sonora, 36 mi S:7; Concan, 8 mi S:6"
Anthidium porterae,Megachilidae,species,Dalea lasiathera,,Fabaceae,1,0,0,0,1,0,interactsWith:1,Sonora:1
Anthidium porterae,Megachilidae,species,Dalea pogonathera,,Fabaceae,1,0,1,0,1,0,interactsWith:1,"Ft. Davis, 46 mi NE:1"
Anthidium psoraleae,Megachilidae,species,Dalea pogonathera,,Fabaceae,3,0,3,0,3,0,interactsWith:3,"Ft. Davis, 46 mi NE:3"
Anthophila,,unknown,Justicia pilosella,,Acanthaceae,2,1,2,2,0,0,visitsFlowersOf:2,
Anthophora affabilis,Apidae,species,Corydalis curvisiliqua,,Papaveraceae,27,23,23,0,27,0,interactsWith:27,Colorado City:23; 5 mi S of Christoval:2; Eldorado:2
Anthophora affabilis,Apidae,species,Parkinsonia,palo verde group,Fabaceae,3,0,3,0,3,0,interactsWith:3,Concan:3
Anthophora californica,Apidae,species,Astragalus,,Fabaceae,9,0,9,0,9,0,interactsWith:9,Davis Mountains:9
Anthophora californica,Apidae,species,Cirsium,thistle,Asteraceae,1,0,1,0,1,0,interactsWith:1,Weser:1
Anthophora californica,Apidae,species,Dalea lasiathera,,Fabaceae,1,0,1,0,1,0,interactsWith:1,Harper:1
Anthophora californica,Apidae,species,Dalea pogonathera,,Fabaceae,4,0,4,0,4,0,interactsWith:4,"Ft. Davis, 46 mi NE:4"
Anthophora californica,Apidae,species,Dalea tenuis,,Fabaceae,2,0,2,2,0,0,eats:1; visits:1,
Anthophora californica,Apidae,species,Mimosa,sensitive-briar / mimosa group,Fabaceae,2,0,2,0,2,0,interactsWith:2,Harper:2
Anthophora californica,Apidae,species,Oncidium ensatum,,Orchidaceae,7,7,7,0,7,0,interactsWith:7,
Anthophora californica,Apidae,species,Penstemon,beardtongue,Plantaginaceae,10,0,10,0,10,0,interactsWith:10,Kerrville:9; Fredericksburg:1
Anthophora californica,Apidae,species,Phacelia,phacelia,Hydrophyllaceae,25,6,25,0,25,0,interactsWith:25,Kerrville:11; Bastrop State Park:6; Davis Mountains:3
Anthophora californica,Apidae,species,Salvia farinacea,mealy blue sage,Lamiaceae,15,1,15,1,14,0,interactsWith:14; visitsFlowersOf:1,United States of America:14
Anthophora californica,Apidae,species,Scutellaria nervosa,,Lamiaceae,1,0,1,0,1,0,interactsWith:1,Kerrville:1
Anthophora californica,Apidae,species,Silphium asteriscus var. simpsonii,,Asteraceae,2,2,2,0,2,0,interactsWith:2,
Anthophora californica,Apidae,species,Solanum,,Solanaceae,1,0,1,0,1,0,interactsWith:1,Harper:1
Anthophora californica,Apidae,species,Solanum elaeagnifolium,silverleaf nightshade,Solanaceae,4,4,4,0,4,0,interactsWith:4,
Anthophora capistrata,Apidae,species,Salvia farinacea,mealy blue sage,Lamiaceae,2,2,2,0,2,0,interactsWith:2,
Anthophora urbana,Apidae,species,Plantae,,,1,0,0,1,0,0,visits:1,"Devils River below Dolan Falls, walk to polymorphic oaks:1"
Anthophorula completa,Apidae,species,Dalea lasiathera,,Fabaceae,17,0,0,0,17,0,interactsWith:17,"Eagle Pass, 9 mi SE:9; 9 mi SE of Eagle Pass:8"
Anthophorula micheneri,Apidae,species,Agalinis purpurea,,Orobanchaceae,103,0,103,0,103,0,interactsWith:103,Flatonia:103
Anthophorula morgani,Apidae,species,Brazoria truncata,,Lamiaceae,2,0,2,0,2,0,interactsWith:2,Goliad:2
Anthophorula texana,Apidae,species,Heterotheca viscida,,Asteraceae,2,2,2,0,2,0,interactsWith:2,"Austin, 10 mi SE:2"
Apidae,Apidae,family,Cirsium,thistle,Asteraceae,2,0,2,0,2,0,interactsWith:2,"TTU Center, Junction:2"
Apidae,Apidae,family,Prosopis glandulosa,honey mesquite,Fabaceae,1,0,1,0,1,0,interactsWith:1,"TTU Center, Junction:1"
Apidae,Apidae,family,Prosopis glandulosa var. glandulosa,,Fabaceae,1,0,1,0,1,0,interactsWith:1,"TTU Center, Junction:1"
Apis,Apidae,genus,Solidago,goldenrod,Asteraceae,1,0,1,0,1,0,interactsWith:1,Kimble Co. TTU Cntr - Junction:1
Apis mellifera,Apidae,species,Aloysia virgata,,Verbenaceae,1,1,1,1,0,0,eats:1,
Apis mellifera,Apidae,species,Amblyolepis setigera,,Asteraceae,1,0,1,1,0,0,eats:1,
Apis mellifera,Apidae,species,Argemone albiflora,white prickly poppy,Papaveraceae,2,1,2,2,0,0,visitsFlowersOf:1; eats:1,
Apis mellifera,Apidae,species,Bauhinia,,Fabaceae,1,0,1,0,1,0,interactsWith:1,
Apis mellifera,Apidae,species,Cephalanthus occidentalis,buttonbush,Rubiaceae,1,1,1,1,0,0,visitsFlowersOf:1,
Apis mellifera,Apidae,species,Cercis,,Fabaceae,1,0,1,1,0,0,visitsFlowersOf:1,
Apis mellifera,Apidae,species,Cirsium texanum,Texas thistle,Asteraceae,2,0,2,2,0,0,eats:1; visits:1,
Apis mellifera,Apidae,species,Coreopsis nuecensis,,Asteraceae,2,0,2,2,0,0,eats:2,
Apis mellifera,Apidae,species,Cornus,,Cornaceae,1,0,1,1,0,0,visitsFlowersOf:1,
Apis mellifera,Apidae,species,Eysenhardtia texana,,Fabaceae,4,0,4,3,1,0,visits:1; eats:1; visitsFlowersOf:1; interactsWith:1,
Apis mellifera,Apidae,species,Gaillardia aestivalis,lanceleaf blanketflower,Asteraceae,1,0,1,1,0,0,eats:1,
Apis mellifera,Apidae,species,Helianthus maximiliani,Maximilian sunflower,Asteraceae,1,1,1,1,0,0,visitsFlowersOf:1,
Apis mellifera,Apidae,species,Lagerstroemia indica,,Lythraceae,1,0,1,0,1,0,interactsWith:1,
Apis mellifera,Apidae,species,Malvaviscus arboreus,,Malvaceae,1,0,1,1,0,0,visits:1,
Apis mellifera,Apidae,species,Marshallia caespitosa,,Asteraceae,2,2,2,1,1,0,interactsWith:1; visitsFlowersOf:1,
Apis mellifera,Apidae,species,Monarda citriodora,lemon beebalm / lemon horsemint,Lamiaceae,1,1,1,1,0,0,visits:1,
Apis mellifera,Apidae,species,Nemophila phacelioides,,Hydrophyllaceae,2,0,2,0,2,0,interactsWith:2,
Apis mellifera,Apidae,species,Prunus mexicana,,Rosaceae,3,3,3,3,0,0,visitsFlowersOf:3,
Apis mellifera,Apidae,species,Ranunculus macranthus,large-flowered buttercup,Ranunculaceae,2,2,2,2,0,0,visitsFlowersOf:2,
Apis mellifera,Apidae,species,Tripsacum dactyloides,,Poaceae,2,0,2,2,0,0,visitsFlowersOf:1; eats:1,
Apis mellifera,Apidae,species,Verbesina virginica,frostweed,Asteraceae,1,0,1,1,0,0,eats:1,
Apis mellifera,Apidae,species,Viguiera dentata,toothleaf goldeneye,Asteraceae,2,0,2,2,0,0,eats:1; visits:1,
Ashmeadiella,Megachilidae,genus,Dalea lasiathera,,Fabaceae,6,0,6,0,6,0,interactsWith:6,Harper:6
Ashmeadiella,Megachilidae,genus,Gaillardia suavis,perfumeball / pincushion daisy,Asteraceae,1,0,1,0,1,0,interactsWith:1,Davis Mountains:1
Ashmeadiella,Megachilidae,genus,Opuntia phaeacantha,brown-spined prickly pear,Cactaceae,6,0,6,0,6,0,interactsWith:6,Davis Mountain State Park:6
Ashmeadiella bucconis,Megachilidae,species,Tetragonotheca ludoviciana,,Asteraceae,1,0,1,0,1,0,interactsWith:1,Kerrville:1
Ashmeadiella meliloti meliloti,Megachilidae,subspecies,Dalea pogonathera,,Fabaceae,1,0,0,0,1,0,interactsWith:1,Quemado:1
Atoposmia maryae,Megachilidae,species,Dalea pogonathera,,Fabaceae,2,0,0,0,2,0,interactsWith:2,Quemado:2
Augochlorella,Halictidae,genus,Agalinis purpurea,,Orobanchaceae,2,0,2,0,2,0,interactsWith:2,Flatonia:2
Augochlorella,Halictidae,genus,Helianthus annuus,common sunflower,Asteraceae,1,1,1,0,1,0,interactsWith:1,Elgin:1
Augochlorella,Halictidae,genus,Opuntia phaeacantha,brown-spined prickly pear,Cactaceae,1,0,1,0,1,0,interactsWith:1,Davis Mountain State Park:1
Augochlorella,Halictidae,genus,Symphyotrichum subulatum,annual saltmarsh aster,Asteraceae,2,0,2,0,2,0,interactsWith:2,Flatonia:2
Augochlorella aurata,Halictidae,species,Opuntia phaeacantha major,,Cactaceae,2,2,2,0,2,0,interactsWith:2,"Luckenbach, 7 mi SE:2"
Augochlorella aurata,Halictidae,species,Symphyotrichum subulatum,annual saltmarsh aster,Asteraceae,1,0,1,0,1,0,interactsWith:1,Flatonia:1
Augochlorella bracteata,Halictidae,species,Dalea pogonathera,,Fabaceae,1,0,0,0,1,0,interactsWith:1,Quemado:1
Augochlorella bracteata,Halictidae,species,Helianthus debilis,,Asteraceae,1,0,1,0,1,0,interactsWith:1,Goliad:1
Augochlorella karankawa,Halictidae,species,Helianthus annuus,common sunflower,Asteraceae,2,2,2,0,2,0,interactsWith:2,Elgin:2
Augochlorella karankawa,Halictidae,species,Helianthus debilis,,Asteraceae,2,0,2,0,2,0,interactsWith:2,Goliad:2
Augochlorella karankawa,Halictidae,species,Salix,willow,Salicaceae,2,0,2,0,2,0,interactsWith:2,Lexington:2
Augochloropsis,Halictidae,genus,Brazoria truncata,,Lamiaceae,15,0,15,0,15,0,interactsWith:15,"Goliad:8; Goliad, 16 mi E:7"
Augochloropsis,Halictidae,genus,Engelmannia peristenia,,Asteraceae,1,0,0,0,1,0,interactsWith:1,Eldorado:1
Augochloropsis,Halictidae,genus,Mimosa,sensitive-briar / mimosa group,Fabaceae,1,0,1,0,1,0,interactsWith:1,Harper:1
Augochloropsis,Halictidae,genus,Opuntia phaeacantha,brown-spined prickly pear,Cactaceae,1,0,1,0,1,0,interactsWith:1,Davis Mountain State Park:1
Augochloropsis,Halictidae,genus,Opuntia phaeacantha major,,Cactaceae,1,1,1,0,1,0,interactsWith:1,"Luckenbach, 7 mi SE:1"
Augochloropsis,Halictidae,genus,Phacelia,phacelia,Hydrophyllaceae,4,0,4,0,4,0,interactsWith:4,Kerrville:4
Augochloropsis,Halictidae,genus,Rhus aromatica,fragrant sumac,Anacardiaceae,2,2,2,0,2,0,interactsWith:2,"Austin, 15 mi W:2"
Augochloropsis,Halictidae,genus,Salix,willow,Salicaceae,5,0,5,0,5,0,interactsWith:5,Davis Mountains:4; Lexington:1
Augochloropsis metallica,Halictidae,species,Baccharis,baccharis,Asteraceae,2,0,2,0,2,0,interactsWith:2,San Antonio:2
Augochloropsis metallica,Halictidae,species,Oncidium ensatum,,Orchidaceae,2,2,2,0,2,0,interactsWith:2,
Augochloropsis metallica,Halictidae,species,Solanum elaeagnifolium,silverleaf nightshade,Solanaceae,8,8,8,0,8,0,interactsWith:8,
Bombus fraternus,Apidae,species,Coreopsis,tickseed,Asteraceae,1,1,1,0,1,0,interactsWith:1,Johnson City:1
Bombus fraternus,Apidae,species,Euphorbia,,Euphorbiaceae,2,2,2,0,2,0,interactsWith:2,11 mi NW of Gonzales:2
Bombus fraternus,Apidae,species,Solidago,goldenrod,Asteraceae,2,2,2,0,2,0,interactsWith:2,Austin:2
Bombus pensylvanicus,Apidae,species,Agalinis edwardsiana,,Orobanchaceae,1,1,1,0,1,0,interactsWith:1,
Bombus pensylvanicus,Apidae,species,Aster,aster,Asteraceae,1,1,1,1,0,0,visitsFlowersOf:1,
Bombus pensylvanicus,Apidae,species,Bauhinia,,Fabaceae,1,0,1,1,0,0,visitsFlowersOf:1,
Bombus pensylvanicus,Apidae,species,Carduinae,,Compositae,1,0,1,1,0,0,visitsFlowersOf:1,
Bombus pensylvanicus,Apidae,species,Cephalanthus,buttonbush,Rubiaceae,4,4,4,4,0,0,visitsFlowersOf:4,
Bombus pensylvanicus,Apidae,species,Cephalanthus occidentalis,buttonbush,Rubiaceae,1,1,1,1,0,0,visitsFlowersOf:1,
Bombus pensylvanicus,Apidae,species,Chamaecrista fasciculata,,Fabaceae,1,1,1,1,0,0,visitsFlowersOf:1,
Bombus pensylvanicus,Apidae,species,Cirsium,thistle,Asteraceae,1,1,1,1,0,0,visitsFlowersOf:1,
Bombus pensylvanicus,Apidae,species,Cirsium horridulum,,Asteraceae,1,1,1,0,1,0,interactsWith:1,
Bombus pensylvanicus,Apidae,species,Cirsium texanum,Texas thistle,Asteraceae,2,2,2,0,2,0,interactsWith:2,
Bombus pensylvanicus,Apidae,species,Cirsium undulatum,,Asteraceae,1,0,1,0,1,0,interactsWith:1,
Bombus pensylvanicus,Apidae,species,Conoclinium,,Asteraceae,1,1,1,0,1,0,interactsWith:1,
Bombus pensylvanicus,Apidae,species,Croton,,Euphorbiaceae,2,0,2,0,2,0,interactsWith:2,"Lexington, 7 mi N:2"
Bombus pensylvanicus,Apidae,species,Duranta erecta,,Verbenaceae,1,0,0,0,1,0,interactsWith:1,
Bombus pensylvanicus,Apidae,species,Eryngium leavenworthii,Leavenworth’s eryngo,Apiaceae,3,2,3,2,1,0,visitsFlowersOf:2; interactsWith:1,
Bombus pensylvanicus,Apidae,species,Eysenhardtia,,Fabaceae,2,1,2,2,0,0,visitsFlowersOf:2,
Bombus pensylvanicus,Apidae,species,Gaillardia aestivalis,lanceleaf blanketflower,Asteraceae,1,1,1,1,0,0,eats:1,
Bombus pensylvanicus,Apidae,species,Heliantheae,,Compositae,1,1,1,1,0,0,visitsFlowersOf:1,
Bombus pensylvanicus,Apidae,species,Helianthus annuus,common sunflower,Asteraceae,3,0,3,0,3,0,interactsWith:3,Concan:2
Bombus pensylvanicus,Apidae,species,Helianthus occidentalis,,Asteraceae,1,0,1,1,0,0,eats:1,
Bombus pensylvanicus,Apidae,species,Ibervillea lindheimeri,,Cucurbitaceae,2,0,2,2,0,0,eats:1; visits:1,
Bombus pensylvanicus,Apidae,species,Liatris punctata,,Asteraceae,2,2,2,2,0,0,eats:1; visits:1,
Bombus pensylvanicus,Apidae,species,Melochia tomentosa,,Malvaceae,1,1,1,1,0,0,visitsFlowersOf:1,
Bombus pensylvanicus,Apidae,species,Monarda citriodora,lemon beebalm / lemon horsemint,Lamiaceae,5,1,5,5,0,0,visitsFlowersOf:5,
Bombus pensylvanicus,Apidae,species,Monarda punctata,spotted beebalm,Lamiaceae,1,1,1,1,0,0,visitsFlowersOf:1,
Bombus pensylvanicus,Apidae,species,Passiflora,,Passifloraceae,1,1,1,1,0,0,visitsFlowersOf:1,
Bombus pensylvanicus,Apidae,species,Rivina humilis,,Phytolaccaceae,1,1,1,1,0,0,eats:1,
Bombus pensylvanicus,Apidae,species,Salvia,,Lamiaceae,2,0,2,0,2,0,interactsWith:2,
Bombus pensylvanicus,Apidae,species,Salvia farinacea,mealy blue sage,Lamiaceae,6,2,6,5,1,0,visitsFlowersOf:2; eats:2; visits:1; interactsWith:1,
Bombus pensylvanicus,Apidae,species,Salvia greggii,,Lamiaceae,1,1,1,0,1,0,interactsWith:1,
Bombus pensylvanicus,Apidae,species,Solidago,goldenrod,Asteraceae,8,8,8,0,8,0,interactsWith:8,Austin:8
Bombus pensylvanicus,Apidae,species,Taraxacum,,Asteraceae,1,1,1,1,0,0,visitsFlowersOf:1,
Bombus pensylvanicus,Apidae,species,Tecoma stans,,Bignoniaceae,2,2,2,0,2,0,interactsWith:2,
Bombus pensylvanicus,Apidae,species,Tithonia rotundifolia,,Asteraceae,2,0,2,0,2,0,interactsWith:2,
Bombus pensylvanicus,Apidae,species,Verbesina virginica,frostweed,Asteraceae,1,1,1,1,0,0,visitsFlowersOf:1,
Bombus pensylvanicus,Apidae,species,Vernonia,,Asteraceae,1,0,1,1,0,0,visitsFlowersOf:1,
Bombus pensylvanicus,Apidae,species,Vitex,vitex / chaste tree group,Lamiaceae,1,1,1,1,0,0,visitsFlowersOf:1,
Bombus pensylvanicus,Apidae,species,Zinnia,,Asteraceae,3,2,3,2,1,0,visitsFlowersOf:2; interactsWith:1,
Bombus pensylvanicus pensylvanicus,Apidae,subspecies,Croton,,Euphorbiaceae,1,0,1,0,1,0,interactsWith:1,"Lexington, 7 mi N:1"
Bombus pensylvanicus pensylvanicus,Apidae,subspecies,Dalea pogonathera,,Fabaceae,1,0,1,0,1,0,interactsWith:1,"Ft. Davis, 46 mi NE:1"
Bombus pensylvanicus pensylvanicus,Apidae,subspecies,Engelmannia peristenia,,Asteraceae,1,0,0,0,1,0,interactsWith:1,Eldorado:1
Bombus pensylvanicus pensylvanicus,Apidae,subspecies,Helianthus annuus,common sunflower,Asteraceae,4,0,4,0,4,0,interactsWith:4,Concan:4
Bombus pensylvanicus pensylvanicus,Apidae,subspecies,Pyrrhopappus,false dandelion,Asteraceae,1,1,1,0,1,0,interactsWith:1,"Giddings, 9 mi W:1"
Bombus sonorus,Apidae,species,Asclepias fulva,,Apocynaceae,1,0,1,1,0,0,visitsFlowersOf:1,
Bombus sonorus,Apidae,species,Aster,aster,Asteraceae,1,1,1,1,0,0,visitsFlowersOf:1,
Bombus sonorus,Apidae,species,Carduinae,,Compositae,2,0,2,2,0,0,visitsFlowersOf:2,
Bombus sonorus,Apidae,species,Cephalanthus occidentalis,buttonbush,Rubiaceae,1,0,1,1,0,0,eats:1,
Bombus sonorus,Apidae,species,Cirsium,thistle,Asteraceae,1,0,1,1,0,0,visitsFlowersOf:1,
Bombus sonorus,Apidae,species,Dalea tenuis,,Fabaceae,2,0,2,2,0,0,eats:1; visits:1,
Bombus sonorus,Apidae,species,Delphinium carolinianum,,Ranunculaceae,2,0,2,2,0,0,visits:1; eats:1,
Bombus sonorus,Apidae,species,Delphinium carolinianum virescens,,Ranunculaceae,2,0,2,2,0,0,visits:1; eats:1,
Bombus sonorus,Apidae,species,Eryngium leavenworthii,Leavenworth’s eryngo,Apiaceae,1,1,1,0,1,0,interactsWith:1,
Bombus sonorus,Apidae,species,Heliantheae,,Compositae,1,0,1,1,0,0,visitsFlowersOf:1,
Bombus sonorus,Apidae,species,Helianthus maximiliani,Maximilian sunflower,Asteraceae,1,1,1,1,0,0,visits:1,
Bombus sonorus,Apidae,species,Ipomoea,,Convolvulaceae,1,1,1,1,0,0,visitsFlowersOf:1,
Bombus sonorus,Apidae,species,Lithospermum caroliniense,,Boraginaceae,1,0,1,0,0,1,adjacentTo:1,Llano River Field Station:1
Bombus sonorus,Apidae,species,Malvaviscus arboreus,,Malvaceae,1,1,1,1,0,0,visitsFlowersOf:1,
Bombus sonorus,Apidae,species,Maurandella antirrhiniflora,,Plantaginaceae,1,0,1,1,0,0,visitsFlowersOf:1,
Bombus sonorus,Apidae,species,Melochia tomentosa,,Malvaceae,2,2,2,2,0,0,visitsFlowersOf:2,
Bombus sonorus,Apidae,species,Monarda citriodora,lemon beebalm / lemon horsemint,Lamiaceae,2,0,2,2,0,0,visitsFlowersOf:2,
Bombus sonorus,Apidae,species,Salvia farinacea,mealy blue sage,Lamiaceae,2,0,2,2,0,0,eats:1; visits:1,
Bombus sonorus,Apidae,species,Salvia texana,,Lamiaceae,2,2,2,2,0,0,visits:2,
Bombus sonorus,Apidae,species,Vernonia,,Asteraceae,2,0,2,2,0,0,visitsFlowersOf:2,
Callandrena,Andrenidae,subgenus,Viguiera dentata,toothleaf goldeneye,Asteraceae,2,2,2,2,0,0,eats:2,
Calliopsis,Andrenidae,genus,Haplopappus,,Asteraceae,6,0,6,0,6,0,interactsWith:6,"Ft. Davis, 41 mi NE:6"
Calliopsis callops,Andrenidae,species,Quincula lobata,,Solanaceae,1,0,0,0,1,0,interactsWith:1,Quemado:1
Calliopsis granti,Andrenidae,species,Marrubium vulgare,horehound,Lamiaceae,1,0,1,0,1,0,interactsWith:1,Kerrville:1
Calliopsis michenerella,Andrenidae,species,Verbena cloverae,,Verbenaceae,21,0,0,0,21,0,interactsWith:21,Carrizo Springs:21
Calliopsis micheneri,Andrenidae,species,Verbena cloverae,,Verbenaceae,1,0,0,0,1,0,interactsWith:1,Carrizo Springs:1
Calliopsis subalpina,Andrenidae,species,Sphaeralcea,,Malvaceae,11,0,11,0,11,0,interactsWith:11,"Ft. Davis, 31 mi NE:7; Davis Mountains:4"
Centris atripes,Apidae,species,Dalea pogonathera,,Fabaceae,41,0,41,0,41,0,interactsWith:41,"Ft. Davis, 46 mi NE:41"
Centris atripes,Apidae,species,Monarda citriodora,lemon beebalm / lemon horsemint,Lamiaceae,2,2,2,0,2,0,interactsWith:2,
Centris atripes,Apidae,species,Parkinsonia,palo verde group,Fabaceae,23,0,23,0,23,0,interactsWith:23,Weser:22; Sabinal:1
Centris atripes,Apidae,species,Salvia farinacea,mealy blue sage,Lamiaceae,6,0,6,0,6,0,interactsWith:6,United States of America:6
Ceratina cobaltina,Apidae,species,Campsis radicans,,Bignoniaceae,1,1,1,0,1,0,interactsWith:1,Austin:1
Ceratina cobaltina,Apidae,species,Heterotheca subaxillaris,,Asteraceae,1,1,1,0,1,0,interactsWith:1,Austin:1
Ceratina cobaltina,Apidae,species,Ibervillea lindheimeri,,Cucurbitaceae,1,1,1,0,1,0,interactsWith:1,Austin:1
Ceratina cobaltina,Apidae,species,Nemophila phacelioides,,Hydrophyllaceae,2,2,2,0,2,0,interactsWith:2,Austin:2
Ceratina cobaltina,Apidae,species,Taraxacum officinale,,Asteraceae,1,1,1,0,1,0,interactsWith:1,Austin:1
Chalicodoma (Chelostomoides),Megachilidae,unknown,Parkinsonia,palo verde group,Fabaceae,13,0,13,0,13,0,interactsWith:13,Weser:13
Chalicodoma (Chelostomoides),Megachilidae,unknown,Tephrosia virginiana,goat’s-rue,Fabaceae,30,30,30,0,30,0,interactsWith:30,McDade:30
Coelioxys alternatus,Megachilidae,species,Cirsium,thistle,Asteraceae,1,0,1,0,1,0,interactsWith:1,Harper:1
Coelioxys apacheorum,Megachilidae,species,Phacelia,phacelia,Hydrophyllaceae,1,0,1,0,1,0,interactsWith:1,Kerrville:1
Coelioxys edita,Megachilidae,species,Ratibida columnifera,Mexican hat / upright prairie coneflower,Asteraceae,6,4,6,0,6,0,interactsWith:6,"Goliad, 16 mi E:2"
Coelioxys immaculatus,Megachilidae,species,Tephrosia virginiana,goat’s-rue,Fabaceae,4,4,4,0,4,0,interactsWith:4,McDade:4
Coelioxys novomexicanus,Megachilidae,species,Sphaeralcea,,Malvaceae,1,0,0,0,1,0,interactsWith:1,Sonora:1
Coelioxys texana,Megachilidae,species,Coreopsis tinctoria,plains coreopsis,Asteraceae,1,0,1,0,1,0,interactsWith:1,San Antonio:1
Coelioxys texana,Megachilidae,species,Gaillardia suavis,perfumeball / pincushion daisy,Asteraceae,11,0,11,0,11,0,interactsWith:11,Harper:11
Coelioxys texana,Megachilidae,species,Phacelia,phacelia,Hydrophyllaceae,1,0,1,0,1,0,interactsWith:1,"Kerrville, 10 mi N:1"
Coelioxys texana,Megachilidae,species,Ratibida columnifera,Mexican hat / upright prairie coneflower,Asteraceae,2,2,2,0,2,0,interactsWith:2,New Braunfels:2
Coelioxys texana,Megachilidae,species,Rudbeckia hirta var. pulcherrima,,Asteraceae,2,0,2,0,2,0,interactsWith:2,Goliad:2
Colletes,Colletidae,genus,Salix,willow,Salicaceae,5,0,5,0,5,0,interactsWith:5,Lexington:5
Colletes birkmanni,Colletidae,species,Helianthus,,Asteraceae,2,0,2,0,2,0,interactsWith:2,Victoria:2
Colletes birkmanni,Colletidae,species,Ratibida columnifera,Mexican hat / upright prairie coneflower,Asteraceae,2,2,2,0,2,0,interactsWith:2,
Colletes bumeliae,Colletidae,species,Sideroxylon lanuginosum,,Sapotaceae,3,3,3,0,3,0,interactsWith:3,Sayersville:3
Colletes inuncantipedis,Colletidae,species,Sideroxylon lanuginosum,,Sapotaceae,1,1,1,0,1,0,interactsWith:1,"Bastrop, 1 mi N:1"
Colletes thoracicus,Colletidae,species,Salix,willow,Salicaceae,9,0,9,0,9,0,interactsWith:9,Lexington:8; Rockdale:1
Conanthalictus bakeri,Halictidae,species,Justicia,,Acanthaceae,1,0,1,0,0,0,hasHost:1,Bell Co.:1
Conanthalictus bakeri,Halictidae,species,Justicia americana,,Acanthaceae,1,1,1,0,0,0,hasHost:1,Austin:1
Diadasia afflicta,Apidae,species,Callirhoe,winecup / poppymallow,Malvaceae,36,2,36,0,36,0,interactsWith:36,Harper:29; Lexington:5; Bastrop:2
Diadasia afflicta,Apidae,species,Gaillardia suavis,perfumeball / pincushion daisy,Asteraceae,3,0,3,0,3,0,interactsWith:3,Harper:3
Diadasia australis,Apidae,species,Opuntia,prickly pear,Cactaceae,1,0,1,0,1,0,interactsWith:1,"Giddings, 7 mi SW:1"
Diadasia diminuta,Apidae,species,Cirsium,thistle,Asteraceae,1,0,0,0,1,0,interactsWith:1,"Eagle Pass, 21 mi NE, hwy 76:1"
Diadasia diminuta,Apidae,species,Pinaropappus roseus,,Asteraceae,6,0,6,0,6,0,interactsWith:6,United States of America:6
Diadasia diminuta,Apidae,species,Sphaeralcea,,Malvaceae,1,0,1,0,1,0,interactsWith:1,"Ft. Davis, 41 mi NE:1"
Diadasia enavata,Apidae,species,Cirsium texanum,Texas thistle,Asteraceae,4,4,4,0,4,0,interactsWith:4,
Diadasia enavata,Apidae,species,Ratibida columnifera,Mexican hat / upright prairie coneflower,Asteraceae,4,4,4,0,4,0,interactsWith:4,
Diadasia rinconis,Apidae,species,Brazoria truncata,,Lamiaceae,3,0,3,0,3,0,interactsWith:3,"Goliad, 16 mi E:3"
Diadasia rinconis,Apidae,species,Cactaceae,,Cactaceae,2,0,2,0,2,0,interactsWith:2,"Giddings, 7 mi SW:1; Cherry Spring:1"
Diadasia rinconis,Apidae,species,Helianthus annuus,common sunflower,Asteraceae,1,0,1,0,1,0,interactsWith:1,"Ft. Davis, 47 mi NE:1"
Diadasia rinconis,Apidae,species,Oncidium ensatum,,Orchidaceae,2,2,2,0,2,0,interactsWith:2,
Diadasia rinconis,Apidae,species,Opuntia,prickly pear,Cactaceae,15,0,5,0,15,0,interactsWith:15,"Sonora:10; Highway 59, 2 km W Fannin:2; Giddings, 7 mi SW:1"
Diadasia rinconis,Apidae,species,Opuntia engelmannii,Engelmann prickly pear,Cactaceae,18,18,18,0,18,0,interactsWith:18,
Diadasia rinconis,Apidae,species,Opuntia phaeacantha,brown-spined prickly pear,Cactaceae,3,0,3,0,3,0,interactsWith:3,Davis Mountain State Park:3
Diadasia rinconis,Apidae,species,Plectocephalus americanus,,Asteraceae,1,0,1,0,1,0,interactsWith:1,Weser:1
Diadasia rinconis,Apidae,species,Rudbeckia hirta,black-eyed Susan,Asteraceae,2,2,2,0,2,0,interactsWith:2,
Dianthidium simile,Megachilidae,species,Tetragonotheca ludoviciana,,Asteraceae,1,0,1,0,1,0,interactsWith:1,Kerrville:1
Dianthidium texanum,Megachilidae,species,Monarda citriodora,lemon beebalm / lemon horsemint,Lamiaceae,8,8,8,0,8,0,interactsWith:8,
Dieunomia apacha,Halictidae,species,Ratibida,,Asteraceae,1,0,1,0,1,0,interactsWith:1,Dalhart:1
Dieunomia apacha,Halictidae,species,Ratibida columnifera,Mexican hat / upright prairie coneflower,Asteraceae,21,0,21,0,21,0,interactsWith:21,"Weser:12; Goliad, 16 mi E:9"
Epeolus bifasciatus,Apidae,species,Verbesina encelioides,,Asteraceae,1,0,1,1,0,0,eats:1,
Eucera belfragei,Apidae,species,Salvia farinacea,mealy blue sage,Lamiaceae,6,0,6,0,6,0,interactsWith:6,United States of America:6
Eucera chrysobotryae,Apidae,species,Corydalis curvisiliqua,,Papaveraceae,1,1,1,0,1,0,interactsWith:1,Colorado City:1
Exomalopsis,Apidae,genus,Grindelia scabra,,Asteraceae,3,0,3,0,3,0,interactsWith:3,"Highway 83, 2 km N La Pryor:3"
Exomalopsis solani,Apidae,species,Dalea pogonathera,,Fabaceae,3,0,3,0,3,0,interactsWith:3,"Ft. Davis, 46 mi NE:3"
Exomalopsis solani,Apidae,species,Ratibida columnifera,Mexican hat / upright prairie coneflower,Asteraceae,2,2,2,0,2,0,interactsWith:2,
Halictidae,Halictidae,family,Rhus copallina,,Anacardiaceae,1,0,1,0,1,0,interactsWith:1,9 mi. N. Menard:1
Halictus ligatus,Halictidae,species,Cirsium texanum,Texas thistle,Asteraceae,4,4,4,0,4,0,interactsWith:4,
Halictus ligatus,Halictidae,species,Engelmannia peristenia,,Asteraceae,13,0,0,0,13,0,interactsWith:13,Eldorado:13
Halictus ligatus,Halictidae,species,Monarda citriodora,lemon beebalm / lemon horsemint,Lamiaceae,2,2,2,0,2,0,interactsWith:2,
Halictus ligatus,Halictidae,species,Oncidium ensatum,,Orchidaceae,2,2,2,0,2,0,interactsWith:2,
Halictus ligatus,Halictidae,species,Parkinsonia,palo verde group,Fabaceae,2,0,2,0,2,0,interactsWith:2,Concan:2
Halictus ligatus,Halictidae,species,Phacelia,phacelia,Hydrophyllaceae,1,0,1,0,1,0,interactsWith:1,"Concan, 8 mi S:1"
Halictus ligatus,Halictidae,species,Physaria gordonii,,Brassicaceae,1,0,0,0,1,0,interactsWith:1,Mertzon:1
Halictus ligatus,Halictidae,species,Pinaropappus roseus,,Asteraceae,2,0,2,0,2,0,interactsWith:2,United States of America:2
Halictus ligatus,Halictidae,species,Pyrrhopappus pauciflorus,,Asteraceae,1,1,1,1,0,0,visitsFlowersOf:1,
Halictus ligatus,Halictidae,species,Ranunculus macranthus,large-flowered buttercup,Ranunculaceae,2,2,2,2,0,0,visitsFlowersOf:2,
Halictus ligatus,Halictidae,species,Ratibida columnifera,Mexican hat / upright prairie coneflower,Asteraceae,23,22,23,0,23,0,interactsWith:23,Weser:1
Halictus ligatus,Halictidae,species,Rudbeckia hirta,black-eyed Susan,Asteraceae,16,16,16,0,16,0,interactsWith:16,Bastrop State Park:2
Halictus ligatus,Halictidae,species,Salix,willow,Salicaceae,2,1,2,0,2,0,interactsWith:2,Lexington:1; Luling:1
Halictus ligatus,Halictidae,species,Salvia farinacea,mealy blue sage,Lamiaceae,2,0,2,0,2,0,interactsWith:2,United States of America:2
Halictus ligatus,Halictidae,species,Senecio,,Asteraceae,8,8,8,0,8,0,interactsWith:8,Palmetto State Park:8
Halictus ligatus,Halictidae,species,Silphium asteriscus var. simpsonii,,Asteraceae,2,2,2,0,2,0,interactsWith:2,
Halictus ligatus,Halictidae,species,Symphyotrichum divaricatum,,Asteraceae,1,1,1,1,0,0,visitsFlowersOf:1,
Halictus ligatus,Halictidae,species,Thelesperma filifolium,,Asteraceae,1,1,1,1,0,0,visitsFlowersOf:1,
Halictus ligatus,Halictidae,species,Verbesina virginica,frostweed,Asteraceae,1,1,1,1,0,0,visitsFlowersOf:1,
Halictus tripartitus,Halictidae,species,Baccharis,baccharis,Asteraceae,2,0,2,0,2,0,interactsWith:2,Leon Creek:2
Halictus tripartitus,Halictidae,species,Rhus,,Anacardiaceae,2,0,0,0,2,0,interactsWith:2,Devils River:2
Heriades,Megachilidae,genus,Nepeta cataria,catnip,Lamiaceae,1,0,1,0,1,0,interactsWith:1,Kerrville:1
Heriades,Megachilidae,genus,Opuntia,prickly pear,Cactaceae,1,0,0,0,1,0,interactsWith:1,Sonora:1
Heriades,Megachilidae,genus,Opuntia phaeacantha major,,Cactaceae,1,0,1,0,1,0,interactsWith:1,"Junction, 6 mi N:1"
Heriades carinata,Megachilidae,species,Chaetopappa asteroides,,Asteraceae,2,2,2,0,2,0,interactsWith:2,
Heriades carinata,Megachilidae,species,Coreopsis basalis,goldenmane tickseed,Asteraceae,2,2,2,0,2,0,interactsWith:2,
Heriades variolosa,Megachilidae,species,Allium,,Amaryllidaceae,2,2,2,0,2,0,interactsWith:2,Bastrop State Park:2
Heriades variolosa,Megachilidae,species,Monarda punctata,spotted beebalm,Lamiaceae,2,2,2,0,2,0,interactsWith:2,Bastrop State Park:2
Heriades variolosa,Megachilidae,species,Oncidium ensatum,,Orchidaceae,2,2,2,0,2,0,interactsWith:2,
Heriades variolosa,Megachilidae,species,Rudbeckia hirta,black-eyed Susan,Asteraceae,1,1,1,0,1,0,interactsWith:1,Bastrop State Park:1
Hoplitis,Megachilidae,genus,Penstemon,beardtongue,Plantaginaceae,3,0,3,0,3,0,interactsWith:3,Fredericksburg:2; Kerrville:1
Hoplitis,Megachilidae,genus,Phacelia,phacelia,Hydrophyllaceae,1,1,1,0,1,0,interactsWith:1,Bastrop State Park:1
Hoplitis nemophilae,Megachilidae,species,Salix,willow,Salicaceae,2,2,2,0,2,0,interactsWith:2,Luling:2
Hoplitis pilosifrons,Megachilidae,species,Astragalus,,Fabaceae,6,0,6,0,6,0,interactsWith:6,"Mason, 10 mi N:6"
Hoplitis pilosifrons,Megachilidae,species,Lupinus,lupine / bluebonnet group,Fabaceae,2,0,0,0,2,0,interactsWith:2,Christoval:2
Hoplitis simplex,Megachilidae,species,Salix,willow,Salicaceae,7,5,7,0,7,0,interactsWith:7,Luling:5; Karnes City:2
Hylaeus mesillae cressoni,Colletidae,subspecies,Cleomella lutea,,Cleomaceae,14,0,14,0,14,0,interactsWith:14,Davis Mountains:14
Hylaeus modestus,Colletidae,species,Ptilimnium nuttallii,,Apiaceae,13,0,13,0,13,0,interactsWith:13,Goliad:13
Hylaeus modestus,Colletidae,species,Salix,willow,Salicaceae,4,1,4,0,4,0,interactsWith:4,Lexington:2; Luling:1; Rockdale:1
Lasioglossum,Halictidae,genus,Aphanostephus,,Asteraceae,2,0,2,0,2,0,interactsWith:2,United States of America:2
Lasioglossum,Halictidae,genus,Quercus virginiana,,Fagaceae,1,1,1,0,0,1,adjacentTo:1,vicinity of Long Hollow Creek:1
Lasioglossum,Halictidae,genus,Ratibida columnifera,Mexican hat / upright prairie coneflower,Asteraceae,2,2,2,0,2,0,interactsWith:2,
Lasioglossum bardum,Halictidae,species,Cardamine bellidifolia,,Brassicaceae,2,2,2,0,2,0,interactsWith:2,
Lasioglossum bardum,Halictidae,species,Mimosa borealis,,Fabaceae,2,0,2,0,2,0,interactsWith:2,Harper:2
Lasioglossum bardum,Halictidae,species,Opuntia phaeacantha major,,Cactaceae,3,0,3,0,3,0,interactsWith:3,"Menard, 14 mi S:3"
Lasioglossum bardum,Halictidae,species,Rhus aromatica,fragrant sumac,Anacardiaceae,1,1,1,0,1,0,interactsWith:1,"Austin, 15 mi W:1"
Lasioglossum cinctipes,Halictidae,species,Oenothera serrulata,,Onagraceae,24,0,24,0,24,0,interactsWith:24,9 mi N of Menard:24
Lasioglossum coactum,Halictidae,species,Salvia farinacea,mealy blue sage,Lamiaceae,2,0,2,0,2,0,interactsWith:2,United States of America:2
Lasioglossum connexum,Halictidae,species,Cirsium texanum,Texas thistle,Asteraceae,2,2,2,0,2,0,interactsWith:2,
Lasioglossum disparile,Halictidae,species,Plantae,,,1,0,1,0,1,0,interactsWith:1,"Pontotoc, 6 mi. S:1"
Lasioglossum sisymbrii,Halictidae,species,Phacelia,phacelia,Hydrophyllaceae,1,0,1,0,1,0,interactsWith:1,Concan:1
Lasioglossum vierecki,Halictidae,species,Ceanothus americanus,,Rhamnaceae,1,1,1,0,1,0,interactsWith:1,Camp Swift (post oak):1
Lasioglossum vierecki,Halictidae,species,Monarda punctata,spotted beebalm,Lamiaceae,3,3,3,0,3,0,interactsWith:3,Bastrop State Park:3
Lithurgopsis gibbosa,Megachilidae,species,Oenothera speciosa,,Onagraceae,4,4,4,0,4,0,interactsWith:4,
Lithurgopsis littoralis,Megachilidae,species,Oncidium ensatum,,Orchidaceae,2,2,2,0,2,0,interactsWith:2,
Lithurgopsis littoralis,Megachilidae,species,Opuntia,prickly pear,Cactaceae,1,1,1,0,1,0,interactsWith:1,Bastrop State Park:1
Lithurgus (Lithurgus),Megachilidae,unknown,Opuntia phaeacantha,brown-spined prickly pear,Cactaceae,1,0,1,0,1,0,interactsWith:1,Davis Mountain State Park:1
Lithurgus gibbosus,Megachilidae,species,Cirsium,thistle,Asteraceae,1,1,1,0,1,0,interactsWith:1,McDade:1
Lithurgus gibbosus,Megachilidae,species,Teucrium,,Lamiaceae,4,0,4,0,4,0,interactsWith:4,Weser:4
Lithurgus littoralis,Megachilidae,species,Cirsium,thistle,Asteraceae,2,0,0,0,2,0,interactsWith:2,Sonora:2
Lithurgus littoralis,Megachilidae,species,Gaillardia suavis,perfumeball / pincushion daisy,Asteraceae,1,0,1,0,1,0,interactsWith:1,"Kerrville, 10 mi N:1"
Lithurgus littoralis,Megachilidae,species,Opuntia,prickly pear,Cactaceae,13,0,0,0,13,0,interactsWith:13,Quemado:13
Lithurgus littoralis,Megachilidae,species,Opuntia phaeacantha major,,Cactaceae,1,0,1,0,1,0,interactsWith:1,"Junction, 6 mi N:1"
Lithurgus littoralis,Megachilidae,species,Phacelia,phacelia,Hydrophyllaceae,2,0,2,0,2,0,interactsWith:2,"Kerrville, 10 mi N:1; Kerrville:1"
Macrotera crassa,Andrenidae,species,Opuntia,prickly pear,Cactaceae,74,0,3,0,74,0,interactsWith:74,Sonora:71; Harper:3
Macrotera crassa,Andrenidae,species,Opuntia phaeacantha major,,Cactaceae,6,5,6,0,6,0,interactsWith:6,"Luckenbach, 7 mi SE:5; Junction, 6 mi N:1"
Macrotera robertsi,Andrenidae,species,Opuntia phaeacantha major,,Cactaceae,1,0,1,0,1,0,interactsWith:1,"Menard, 14 mi S:1"
Macrotera texana,Andrenidae,species,Opuntia,prickly pear,Cactaceae,52,0,0,0,52,0,interactsWith:52,Sonora:52
Macrotera texana,Andrenidae,species,Opuntia phaeacantha major,,Cactaceae,9,0,9,0,9,0,interactsWith:9,"Menard, 14 mi S:8; Junction, 6 mi N:1"
Megachile,Megachilidae,genus,Castilleja,,Orobanchaceae,3,3,3,0,3,0,interactsWith:3,Cibolo Creek:3
Megachile,Megachilidae,genus,Helianthus annuus,common sunflower,Asteraceae,4,4,4,0,4,0,interactsWith:4,
Megachile,Megachilidae,genus,Oncidium ensatum,,Orchidaceae,2,2,2,0,2,0,interactsWith:2,
Megachile,Megachilidae,genus,Phacelia,phacelia,Hydrophyllaceae,1,0,0,0,1,0,interactsWith:1,Sonora:1
Megachile,Megachilidae,genus,Ratibida columnifera,Mexican hat / upright prairie coneflower,Asteraceae,4,4,4,0,4,0,interactsWith:4,
Megachile,Megachilidae,genus,Silphium asteriscus var. simpsonii,,Asteraceae,4,4,4,0,4,0,interactsWith:4,
Megachile,Megachilidae,genus,Viguiera dentata,toothleaf goldeneye,Asteraceae,1,1,1,1,0,0,eats:1,
Megachile addenda,Megachilidae,species,Penstemon,beardtongue,Plantaginaceae,3,3,3,0,3,0,interactsWith:3,Bastrop State Park:3
Megachile addenda,Megachilidae,species,Tephrosia virginiana,goat’s-rue,Fabaceae,14,14,14,0,14,0,interactsWith:14,McDade:14
Megachile agustini,Megachilidae,species,Marrubium vulgare,horehound,Lamiaceae,2,0,2,0,2,0,interactsWith:2,Kerrville:2
Megachile altbitarsis,,unknown,Croton monanthogynus,one-seed croton / prairie tea,Euphorbiaceae,2,2,2,0,2,0,interactsWith:2,
Megachile altbitarsis,,unknown,Silphium asteriscus var. simpsonii,,Asteraceae,2,2,2,0,2,0,interactsWith:2,
Megachile amica,Megachilidae,species,Phacelia,phacelia,Hydrophyllaceae,1,0,1,0,1,0,interactsWith:1,"Concan, 8 mi S:1"
Megachile brevis,Megachilidae,species,Brazoria truncata,,Lamiaceae,3,0,3,0,3,0,interactsWith:3,Goliad:3
Megachile brevis,Megachilidae,species,Gaillardia suavis,perfumeball / pincushion daisy,Asteraceae,1,0,1,0,1,0,interactsWith:1,Harper:1
Megachile brevis,Megachilidae,species,Lupinus,lupine / bluebonnet group,Fabaceae,9,0,0,0,9,0,interactsWith:9,Christoval:9
Megachile brevis,Megachilidae,species,Marrubium vulgare,horehound,Lamiaceae,2,0,2,0,2,0,interactsWith:2,Kerrville:2
Megachile brevis,Megachilidae,species,Monarda citriodora,lemon beebalm / lemon horsemint,Lamiaceae,2,2,2,0,2,0,interactsWith:2,
Megachile brevis,Megachilidae,species,Monarda punctata,spotted beebalm,Lamiaceae,1,1,1,0,1,0,interactsWith:1,Sayers Rd:1
Megachile brevis,Megachilidae,species,Nepeta cataria,catnip,Lamiaceae,2,0,2,0,2,0,interactsWith:2,Kerrville:2
Megachile brevis,Megachilidae,species,Pediomelum rhombifolium,,Fabaceae,1,1,1,0,1,0,interactsWith:1,Sayers Rd:1
Megachile brevis,Megachilidae,species,Phacelia,phacelia,Hydrophyllaceae,2,0,2,0,2,0,interactsWith:2,Kerrville:2
Megachile brevis,Megachilidae,species,Phyla nodiflora,,Verbenaceae,2,2,2,0,2,0,interactsWith:2,Austin:2
Megachile brevis,Megachilidae,species,Salix,willow,Salicaceae,1,0,1,0,1,0,interactsWith:1,Karnes City:1
Megachile campanulae,Megachilidae,species,Monarda punctata,spotted beebalm,Lamiaceae,1,1,1,0,1,0,interactsWith:1,Bastrop State Park:1
Megachile comata,Megachilidae,species,Callirhoe,winecup / poppymallow,Malvaceae,1,0,1,0,1,0,interactsWith:1,Harper:1
Megachile comata,Megachilidae,species,Cirsium texanum,Texas thistle,Asteraceae,2,2,2,0,2,0,interactsWith:2,
Megachile comata,Megachilidae,species,Monarda citriodora,lemon beebalm / lemon horsemint,Lamiaceae,2,2,2,0,2,0,interactsWith:2,
Megachile comata,Megachilidae,species,Oncidium ensatum,,Orchidaceae,2,2,2,0,2,0,interactsWith:2,
Megachile comata,Megachilidae,species,Ratibida columnifera,Mexican hat / upright prairie coneflower,Asteraceae,2,2,2,0,2,0,interactsWith:2,
Megachile comata,Megachilidae,species,Salvia,,Lamiaceae,1,0,1,0,1,0,interactsWith:1,Kerrville:1
Megachile davidsoni,Megachilidae,species,Dalea lasiathera,,Fabaceae,1,0,0,0,1,0,interactsWith:1,Sonora:1
Megachile exilis,Megachilidae,species,Marrubium vulgare,horehound,Lamiaceae,2,0,2,0,2,0,interactsWith:2,Kerrville:2
Megachile exilis,Megachilidae,species,Monarda citriodora,lemon beebalm / lemon horsemint,Lamiaceae,2,2,2,0,2,0,interactsWith:2,
Megachile fortis,Megachilidae,species,Helianthus annuus,common sunflower,Asteraceae,8,8,8,0,8,0,interactsWith:8,
Megachile frugalis pseudofrugalis,Megachilidae,subspecies,Aster,aster,Asteraceae,2,0,0,0,2,0,interactsWith:2,Devils River:2
Megachile frugalis pseudofrugalis,Megachilidae,subspecies,Monarda citriodora,lemon beebalm / lemon horsemint,Lamiaceae,6,0,0,0,6,0,interactsWith:6,Devils River:6
Megachile frugalis pseudofrugalis,Megachilidae,subspecies,Phacelia,phacelia,Hydrophyllaceae,3,0,3,0,3,0,interactsWith:3,"Concan, 8 mi S:3"
Megachile gentilis,Megachilidae,species,Gaillardia pulchella,,Asteraceae,2,0,0,0,2,0,interactsWith:2,Devils River:2
Megachile georgica,Megachilidae,species,Pontederia cordata,,Pontederiaceae,6,6,6,0,6,0,interactsWith:6,Bastrop:6
Megachile inimica,Megachilidae,species,Croton monanthogynus,one-seed croton / prairie tea,Euphorbiaceae,2,2,2,0,2,0,interactsWith:2,
Megachile inimica,Megachilidae,species,Helenium amarum var. badium,bitter sneezeweed,Asteraceae,2,2,2,0,2,0,interactsWith:2,
Megachile instita,Megachilidae,species,Astragalus,,Fabaceae,2,0,2,0,2,0,interactsWith:2,Davis Mountains:2
Megachile instita,Megachilidae,species,Sphaeralcea,,Malvaceae,1,0,1,0,1,0,interactsWith:1,Davis Mountains:1
Megachile lippiae,Megachilidae,species,Astragalus,,Fabaceae,1,0,1,0,1,0,interactsWith:1,Cherry Spring:1
Megachile lippiae,Megachilidae,species,Crataegus,,Rosaceae,3,0,3,0,3,0,interactsWith:3,Davis Mountains:3
Megachile lippiae,Megachilidae,species,Larrea tridentata,creosote bush,Zygophyllaceae,3,0,3,0,3,0,interactsWith:3,"Balmorhea, 7 km E:3"
Megachile lippiae,Megachilidae,species,Phacelia,phacelia,Hydrophyllaceae,2,1,2,0,2,0,interactsWith:2,"Concan, 8 mi S:1; Bastrop State Park:1"
Megachile lippiae,Megachilidae,species,Sphaeralcea,,Malvaceae,4,0,0,0,4,0,interactsWith:4,Sonora:4
Megachile lippiae,Megachilidae,species,Tephrosia virginiana,goat’s-rue,Fabaceae,3,3,3,0,3,0,interactsWith:3,McDade:3
Megachile lippiae,Megachilidae,species,Vitex,vitex / chaste tree group,Lamiaceae,2,2,2,0,2,0,interactsWith:2,"Georgetown, 5 mi S:2"
Megachile mendica,Megachilidae,species,Penstemon,beardtongue,Plantaginaceae,1,1,1,0,1,0,interactsWith:1,"Giddings, 9 mi W:1"
Megachile mendica,Megachilidae,species,Salix,willow,Salicaceae,1,0,1,0,1,0,interactsWith:1,Lexington:1
Megachile montivaga,Megachilidae,species,Argemone albiflora,white prickly poppy,Papaveraceae,2,2,2,0,2,0,interactsWith:2,
Megachile montivaga,Megachilidae,species,Cirsium altissimum,,Asteraceae,1,1,1,0,1,0,interactsWith:1,Austin:1
Megachile newberryae,Megachilidae,species,Sphaeralcea,,Malvaceae,2,0,2,0,2,0,interactsWith:2,Davis Mountains:2
Megachile parallela,Megachilidae,species,Gaillardia suavis,perfumeball / pincushion daisy,Asteraceae,4,0,4,0,4,0,interactsWith:4,"Kerrville, 10 mi N:2; United States of America:2"
Megachile parallela,Megachilidae,species,Helianthus maximiliani,Maximilian sunflower,Asteraceae,1,0,1,0,1,0,interactsWith:1,
Megachile parallela,Megachilidae,species,Nepeta cataria,catnip,Lamiaceae,1,0,1,0,1,0,interactsWith:1,Kerrville:1
Megachile parallela,Megachilidae,species,Pinaropappus roseus,,Asteraceae,2,0,2,0,2,0,interactsWith:2,United States of America:2
Megachile parallela,Megachilidae,species,Ratibida columnifera,Mexican hat / upright prairie coneflower,Asteraceae,1,1,1,0,1,0,interactsWith:1,Bastrop:1
Megachile parallela,Megachilidae,species,Rudbeckia hirta var. pulcherrima,,Asteraceae,1,0,1,0,1,0,interactsWith:1,Goliad:1
Megachile parallela,Megachilidae,species,Viguiera dentata,toothleaf goldeneye,Asteraceae,2,0,2,2,0,0,eats:1; visits:1,
Megachile parksi,Megachilidae,species,Tephrosia virginiana,goat’s-rue,Fabaceae,1,1,1,0,1,0,interactsWith:1,McDade:1
Megachile policaris,Megachilidae,species,Bahia,,Asteraceae,1,0,1,0,1,0,interactsWith:1,Davis Mountains:1
Megachile policaris,Megachilidae,species,Cirsium,thistle,Asteraceae,2,0,2,0,2,0,interactsWith:2,Harper:2
Megachile policaris,Megachilidae,species,Cirsium altissimum,,Asteraceae,1,1,1,0,1,0,interactsWith:1,Austin:1
Megachile policaris,Megachilidae,species,Cirsium texanum,Texas thistle,Asteraceae,2,2,2,0,2,0,interactsWith:2,
Megachile policaris,Megachilidae,species,Coreopsis tinctoria,plains coreopsis,Asteraceae,2,0,2,0,2,0,interactsWith:2,Kerrville:2
Megachile policaris,Megachilidae,species,Gaillardia suavis,perfumeball / pincushion daisy,Asteraceae,20,0,20,0,20,0,interactsWith:20,Harper:20
Megachile policaris,Megachilidae,species,Helenium amarum var. badium,bitter sneezeweed,Asteraceae,4,4,4,0,4,0,interactsWith:4,
Megachile policaris,Megachilidae,species,Helenium autumnale,common sneezeweed,Asteraceae,3,3,3,0,3,0,interactsWith:3,Johnson City:3
Megachile policaris,Megachilidae,species,Helianthus annuus,common sunflower,Asteraceae,4,4,4,0,4,0,interactsWith:4,
Megachile policaris,Megachilidae,species,Heliopsis parvifolia,,Asteraceae,1,0,0,0,1,0,interactsWith:1,Sonora:1
Megachile policaris,Megachilidae,species,Marrubium vulgare,horehound,Lamiaceae,4,0,4,0,4,0,interactsWith:4,United States of America:4
Megachile policaris,Megachilidae,species,Monarda citriodora,lemon beebalm / lemon horsemint,Lamiaceae,2,2,2,0,2,0,interactsWith:2,
Megachile policaris,Megachilidae,species,Oncidium ensatum,,Orchidaceae,2,2,2,0,2,0,interactsWith:2,
Megachile policaris,Megachilidae,species,Opuntia,prickly pear,Cactaceae,3,1,3,0,3,0,interactsWith:3,"Giddings, 7 mi SW:1; Harper:1; Bastrop State Park:1"
Megachile policaris,Megachilidae,species,Phacelia,phacelia,Hydrophyllaceae,8,0,7,0,8,0,interactsWith:8,"Kerrville, 10 mi N:6; Concan, 8 mi S:1; Sonora:1"
Megachile policaris,Megachilidae,species,Plectocephalus americanus,,Asteraceae,1,0,1,0,1,0,interactsWith:1,Weser:1
Megachile policaris,Megachilidae,species,Ratibida columnifera,Mexican hat / upright prairie coneflower,Asteraceae,2,0,1,0,2,0,interactsWith:2,Sonora:1; Weser:1
Megachile policaris,Megachilidae,species,Rudbeckia hirta,black-eyed Susan,Asteraceae,1,1,1,0,1,0,interactsWith:1,Bastrop State Park:1
Megachile policaris,Megachilidae,species,Salix,willow,Salicaceae,1,1,1,0,1,0,interactsWith:1,Luling:1
Megachile policaris,Megachilidae,species,Salvia farinacea,mealy blue sage,Lamiaceae,2,0,2,0,2,0,interactsWith:2,United States of America:2
Megachile policaris,Megachilidae,species,Vitex,vitex / chaste tree group,Lamiaceae,5,5,5,0,5,0,interactsWith:5,"Georgetown, 5 mi S:5"
Megachile pugnata,Megachilidae,species,Marrubium vulgare,horehound,Lamiaceae,1,0,1,0,1,0,interactsWith:1,Kerrville:1
Megachile rugifrons,Megachilidae,species,Opuntia,prickly pear,Cactaceae,4,4,4,0,4,0,interactsWith:4,Bastrop:4
Megachile rugifrons,Megachilidae,species,Tephrosia virginiana,goat’s-rue,Fabaceae,6,6,6,0,6,0,interactsWith:6,McDade:6
Megachile sculpturalis,Megachilidae,species,Wisteria,,Fabaceae,1,1,1,1,0,0,visitsFlowersOf:1,
Megachile snowi,Megachilidae,species,Melilotus officinalis,,Fabaceae,1,1,1,0,1,0,interactsWith:1,Bastrop State Park:1
Megachile snowi,Megachilidae,species,Tephrosia virginiana,goat’s-rue,Fabaceae,1,1,1,0,1,0,interactsWith:1,McDade:1
Melissodes,Apidae,genus,Solidago,goldenrod,Asteraceae,1,0,1,0,1,0,interactsWith:1,"TTU Center, Junction:1"
Melissodes bimaculatus,Apidae,species,Berlandiera pumila,,Asteraceae,2,0,2,2,0,0,eats:1; visits:1,
Melissodes bimaculatus,Apidae,species,Delphinium ajacis,,Ranunculaceae,1,1,1,0,1,0,interactsWith:1,
Melissodes bimaculatus,Apidae,species,Ipomoea cordatotriloba,,Convolvulaceae,2,2,2,0,2,0,interactsWith:2,
Melissodes bimaculatus,Apidae,species,Ludwigia octovalvis,,Onagraceae,1,1,1,1,0,0,visitsFlowersOf:1,
Melissodes bimaculatus,Apidae,species,Lygodesmia texana,,Compositae,2,2,2,0,2,0,interactsWith:2,
Melissodes bimaculatus,Apidae,species,Monarda citriodora,lemon beebalm / lemon horsemint,Lamiaceae,6,6,6,0,6,0,interactsWith:6,
Melissodes bimaculatus,Apidae,species,Vitex agnus-castus,chaste tree,Lamiaceae,1,1,1,0,1,0,interactsWith:1,
Melissodes communis communis,Apidae,subspecies,Cirsium,thistle,Asteraceae,1,0,1,0,1,0,interactsWith:1,Weser:1
Melissodes communis communis,Apidae,subspecies,Convolvulus,,Convolvulaceae,5,0,5,0,5,0,interactsWith:5,"Goliad:4; Goliad, 16 mi E:1"
Melissodes communis communis,Apidae,subspecies,Dalea pogonathera,,Fabaceae,1,0,1,0,1,0,interactsWith:1,"Ft. Davis, 46 mi NE:1"
Melissodes communis communis,Apidae,subspecies,Mimosa,sensitive-briar / mimosa group,Fabaceae,3,0,0,0,3,0,interactsWith:3,Sonora:3
Melissodes communis communis,Apidae,subspecies,Opuntia,prickly pear,Cactaceae,1,1,1,0,1,0,interactsWith:1,Bastrop:1
Melissodes communis communis,Apidae,subspecies,Teucrium,,Lamiaceae,1,0,1,0,1,0,interactsWith:1,Weser:1
Melissodes coreopsis,Apidae,species,Cirsium,thistle,Asteraceae,2,2,2,0,2,0,interactsWith:2,Austin:2
Melissodes coreopsis,Apidae,species,Cirsium texanum,Texas thistle,Asteraceae,2,2,2,0,2,0,interactsWith:2,
Melissodes coreopsis,Apidae,species,Haplopappus,,Asteraceae,2,0,2,0,2,0,interactsWith:2,"Ft. Davis, 41 mi NE:2"
Melissodes coreopsis,Apidae,species,Oncidium ensatum,,Orchidaceae,2,2,2,0,2,0,interactsWith:2,
Melissodes coreopsis,Apidae,species,Opuntia engelmannii,Engelmann prickly pear,Cactaceae,2,2,2,0,2,0,interactsWith:2,
Melissodes coreopsis,Apidae,species,Ratibida columnifera,Mexican hat / upright prairie coneflower,Asteraceae,6,6,6,0,6,0,interactsWith:6,
Melissodes coreopsis,Apidae,species,Rudbeckia hirta,black-eyed Susan,Asteraceae,6,6,6,0,6,0,interactsWith:6,
Melissodes coreopsis,Apidae,species,Solanum elaeagnifolium,silverleaf nightshade,Solanaceae,2,2,2,0,2,0,interactsWith:2,
Melissodes coreopsis,Apidae,species,Zephyranthes drummondii,,Amaryllidaceae,8,0,8,0,8,0,interactsWith:8,Harper:8
Melissodes gelidus,Apidae,species,Ratibida,,Asteraceae,1,0,1,0,1,0,interactsWith:1,Dalhart:1
Melissodes gilensis gilensis,Apidae,subspecies,Opuntia phaeacantha,brown-spined prickly pear,Cactaceae,2,0,2,0,2,0,interactsWith:2,Davis Mountain State Park:2
Melissodes gilensis gilensis,Apidae,subspecies,Salix,willow,Salicaceae,1,0,1,0,1,0,interactsWith:1,Davis Mountains:1
Melissodes intortus,Apidae,species,Callirhoe,winecup / poppymallow,Malvaceae,6,0,6,0,6,0,interactsWith:6,Harper:6
Melissodes intortus,Apidae,species,Callirhoe leiocarpa,,Malvaceae,1,0,1,0,1,0,interactsWith:1,Sweet Home:1
Melissodes montanus,Apidae,species,Helianthus annuus,common sunflower,Asteraceae,1,0,1,0,1,0,interactsWith:1,"Ft. Davis, 47 mi NE:1"
Melissodes opuntiellus,Apidae,species,Sphaeralcea,,Malvaceae,2,0,0,0,2,0,interactsWith:2,Sonora:2
Melissodes paroselae,Apidae,species,Pinaropappus roseus,,Asteraceae,2,0,2,0,2,0,interactsWith:2,United States of America:2
Melissodes rivalis,Apidae,species,Plectocephalus americanus,,Asteraceae,9,0,9,0,9,0,interactsWith:9,Weser:9
Melissodes tepaneca,Apidae,species,Baccharis,baccharis,Asteraceae,8,0,8,0,8,0,interactsWith:8,"San Antonio, Loop 13:8"
Melissodes tepaneca,Apidae,species,Brazoria truncata,,Lamiaceae,9,0,9,0,9,0,interactsWith:9,"Harper:8; Goliad, 16 mi E:1"
Melissodes tepaneca,Apidae,species,Cirsium,thistle,Asteraceae,2,1,2,0,2,0,interactsWith:2,Austin:1; Harper:1
Melissodes tepaneca,Apidae,species,Cirsium texanum,Texas thistle,Asteraceae,8,8,8,0,8,0,interactsWith:8,
Melissodes tepaneca,Apidae,species,Clematis,,Ranunculaceae,1,0,1,0,1,0,interactsWith:1,"Sarita, 5 km N:1"
Melissodes tepaneca,Apidae,species,Convolvulus equitans,,Convolvulaceae,2,2,2,0,2,0,interactsWith:2,
Melissodes tepaneca,Apidae,species,Coreopsis tinctoria,plains coreopsis,Asteraceae,2,0,2,0,2,0,interactsWith:2,Kerrville:2
Melissodes tepaneca,Apidae,species,Helenium amarum var. badium,bitter sneezeweed,Asteraceae,2,2,2,0,2,0,interactsWith:2,
Melissodes tepaneca,Apidae,species,Medicago,,Fabaceae,6,0,6,0,6,0,interactsWith:6,Harper:6
Melissodes tepaneca,Apidae,species,Oncidium ensatum,,Orchidaceae,2,2,2,0,2,0,interactsWith:2,
Melissodes tepaneca,Apidae,species,Opuntia,prickly pear,Cactaceae,19,0,18,0,19,0,interactsWith:19,"Harper:10; Giddings, 7 mi SW:7; Quemado:1"
Melissodes tepaneca,Apidae,species,Parkinsonia,palo verde group,Fabaceae,5,0,5,0,5,0,interactsWith:5,Sabinal:5
Melissodes tepaneca,Apidae,species,Penstemon,beardtongue,Plantaginaceae,1,0,1,0,1,0,interactsWith:1,Fredericksburg:1
Melissodes tepaneca,Apidae,species,Phacelia,phacelia,Hydrophyllaceae,24,0,24,0,24,0,interactsWith:24,"Kerrville:11; Concan, 8 mi S:11; Kerrville, 10 mi N:2"
Melissodes tepaneca,Apidae,species,Ratibida columnifera,Mexican hat / upright prairie coneflower,Asteraceae,14,14,14,0,14,0,interactsWith:14,
Melissodes tepaneca,Apidae,species,Rudbeckia hirta,black-eyed Susan,Asteraceae,2,2,2,0,2,0,interactsWith:2,
Melissodes tepaneca,Apidae,species,Silphium asteriscus var. simpsonii,,Asteraceae,6,6,6,0,6,0,interactsWith:6,
Melissodes tepaneca,Apidae,species,Sisyrinchium campestre,,Iridaceae,2,0,2,0,2,0,interactsWith:2,Harper:2
Melissodes tepaneca,Apidae,species,Vitex,vitex / chaste tree group,Lamiaceae,1,1,1,0,1,0,interactsWith:1,"Georgetown, 5 mi S:1"
Melissodes tristis,Apidae,species,Aster,aster,Asteraceae,1,0,0,0,1,0,interactsWith:1,Sonora:1
Melissodes tristis,Apidae,species,Bahia,,Asteraceae,9,0,9,0,9,0,interactsWith:9,Davis Mountains:9
Melissodes tristis,Apidae,species,Cirsium,thistle,Asteraceae,5,1,1,0,5,0,interactsWith:5,Sonora:4; Austin:1
Melissodes tristis,Apidae,species,Dalea lasiathera,,Fabaceae,1,0,0,0,1,0,interactsWith:1,Sonora:1
Melissodes tristis,Apidae,species,Dalea pogonathera,,Fabaceae,17,0,17,0,17,0,interactsWith:17,"Ft. Davis, 46 mi NE:17"
Melissodes tristis,Apidae,species,Gaillardia suavis,perfumeball / pincushion daisy,Asteraceae,3,0,3,0,3,0,interactsWith:3,"Harper:2; Kerrville, 10 mi N:1"
Melissodes tristis,Apidae,species,Gaura,,Onagraceae,2,0,0,0,2,0,interactsWith:2,Quemado:2
Melissodes tristis,Apidae,species,Haplopappus,,Asteraceae,2,0,2,0,2,0,interactsWith:2,"Ft. Davis, 41 mi NE:2"
Melissodes tristis,Apidae,species,Helianthus annuus,common sunflower,Asteraceae,4,0,4,0,4,0,interactsWith:4,"Ft. Davis, 47 mi NE:4"
Melissodes tristis,Apidae,species,Mimosa borealis,,Fabaceae,1,0,1,0,1,0,interactsWith:1,Harper:1
Melissodes tristis,Apidae,species,Opuntia,prickly pear,Cactaceae,16,0,12,0,16,0,interactsWith:16,"Davis Mountains:12; Del Rio, 23 mi S:4"
Melissodes tristis,Apidae,species,Papaver,,Papaveraceae,1,0,1,0,1,0,interactsWith:1,Davis Mountains:1
Melissodes tristis,Apidae,species,Parkinsonia,palo verde group,Fabaceae,2,0,2,0,2,0,interactsWith:2,"Mason, 10 mi N:1; Sabinal:1"
Melissodes tristis,Apidae,species,Phacelia,phacelia,Hydrophyllaceae,43,0,35,0,43,0,interactsWith:43,"Concan, 8 mi S:33; Sonora:8; Kerrville, 10 mi N:2"
Melissodes tristis,Apidae,species,Pinaropappus roseus,,Asteraceae,6,0,6,0,6,0,interactsWith:6,United States of America:6
Melissodes tristis,Apidae,species,Salix,willow,Salicaceae,1,0,1,0,1,0,interactsWith:1,Davis Mountains:1
Melissodes tristis,Apidae,species,Salvia ballotaeflora,,Lamiaceae,4,0,4,0,4,0,interactsWith:4,United States of America:4
Melissodes tristis,Apidae,species,Salvia farinacea,mealy blue sage,Lamiaceae,16,0,16,0,16,0,interactsWith:16,United States of America:16
Melissodes tristis,Apidae,species,Sphaeralcea,,Malvaceae,36,0,19,0,36,0,interactsWith:36,Sonora:17; Davis Mountains:14; Harper:5
Melissodes tristis,Apidae,species,Zinnia grandiflora,,Asteraceae,2,0,0,0,2,0,interactsWith:2,Sonora:2
Melissodes wheeleri,Apidae,species,Coreopsis,tickseed,Asteraceae,2,2,2,0,2,0,interactsWith:2,Bastrop:2
Melissodes wheeleri,Apidae,species,Dalea,,Fabaceae,1,1,1,0,1,0,interactsWith:1,McDade:1
Melissodes wheeleri,Apidae,species,Ratibida columnifera,Mexican hat / upright prairie coneflower,Asteraceae,1,1,1,0,1,0,interactsWith:1,Bastrop:1
Melissodes wheeleri,Apidae,species,Rudbeckia hirta,black-eyed Susan,Asteraceae,2,2,2,0,2,0,interactsWith:2,
Melissoptila otomita,Apidae,species,Solanum elaeagnifolium,silverleaf nightshade,Solanaceae,2,2,2,0,2,0,interactsWith:2,
Nomada,Apidae,genus,Salix,willow,Salicaceae,1,0,1,0,1,0,interactsWith:1,Karnes City:1
Nomada texana,Apidae,species,Asteraceae,sunflower family,Asteraceae,1,0,1,0,1,0,interactsWith:1,Salado Creek:1
Nomia fedorensis,Halictidae,species,Tephrosia virginiana,goat’s-rue,Fabaceae,1,1,1,0,1,0,interactsWith:1,McDade:1
Nomia nortoni,Halictidae,species,Marrubium vulgare,horehound,Lamiaceae,1,1,1,0,1,0,interactsWith:1,Maxwell:1
Nomia nortoni nortoni,Halictidae,subspecies,Cirsium altissimum,,Asteraceae,1,1,1,0,1,0,interactsWith:1,Austin:1
Nomia nortoni nortoni,Halictidae,subspecies,Helenium autumnale,common sneezeweed,Asteraceae,3,3,3,0,3,0,interactsWith:3,Johnson City:3
Osmia chalybea,Megachilidae,species,Cirsium texanum,Texas thistle,Asteraceae,2,2,2,0,2,0,interactsWith:2,
Osmia coloradensis,Megachilidae,species,Senecio,,Asteraceae,11,11,11,0,11,0,interactsWith:11,Palmetto State Park:11
Osmia georgica,Megachilidae,species,Senecio,,Asteraceae,1,1,1,0,1,0,interactsWith:1,Palmetto State Park:1
Osmia ribifloris,Megachilidae,species,Cercis canadensis,,Fabaceae,1,1,1,0,1,0,interactsWith:1,"Austin, Red Bud Isle:1"
Osmia ribifloris ribifloris,Megachilidae,subspecies,Fabaceae,,Fabaceae,1,0,1,0,1,0,interactsWith:1,
Osmia subfasciata,Megachilidae,species,Monarda citriodora,lemon beebalm / lemon horsemint,Lamiaceae,10,10,10,0,10,0,interactsWith:10,
Osmia subfasciata,Megachilidae,species,Oncidium ensatum,,Orchidaceae,2,2,2,0,2,0,interactsWith:2,
Osmia subfasciata subfasciata,Megachilidae,subspecies,Astragalus,,Fabaceae,1,0,1,0,1,0,interactsWith:1,Cherry Spring:1
Osmia subfasciata subfasciata,Megachilidae,subspecies,Brazoria truncata,,Lamiaceae,25,0,25,0,25,0,interactsWith:25,"Goliad, 16 mi E:15; Goliad:10"
Osmia subfasciata subfasciata,Megachilidae,subspecies,Phacelia,phacelia,Hydrophyllaceae,13,0,13,0,13,0,interactsWith:13,"Kerrville:10; Cherry Spring:2; Kerrville, 8 mi NW:1"
Osmia subfasciata subfasciata,Megachilidae,subspecies,Phacelia coerulea,,Hydrophyllaceae,1,0,1,0,1,0,interactsWith:1,"Goliad, 2 mi W:1"
Osmia texana,Megachilidae,species,Cirsium,thistle,Asteraceae,10,0,4,0,10,0,interactsWith:10,Sonora:6; Harper:4
Osmia texana,Megachilidae,species,Gaillardia suavis,perfumeball / pincushion daisy,Asteraceae,1,0,1,0,1,0,interactsWith:1,"Kerrville, 10 mi N:1"
Osmia texana,Megachilidae,species,Plectocephalus americanus,,Asteraceae,1,0,1,0,1,0,interactsWith:1,Weser:1
Osmia texana,Megachilidae,species,Salvia farinacea,mealy blue sage,Lamiaceae,4,0,4,0,4,0,interactsWith:4,United States of America:4
Panurgini,Andrenidae,tribe,Coreopsis,tickseed,Asteraceae,2,2,2,0,2,0,interactsWith:2,"New Braunfels, 15 mi NW:2"
Panurgini,Andrenidae,tribe,Quincula lobata,,Solanaceae,1,1,1,0,1,0,interactsWith:1,"Palo Duro Canyon, 22 min S Claude:1"
Panurgini,Andrenidae,tribe,Rudbeckia,,Asteraceae,1,1,1,0,1,0,interactsWith:1,"Blanco, 8 mi E:1"
Panurginus,Andrenidae,genus,Medicago minima,,Fabaceae,2,0,2,0,2,0,interactsWith:2,Harper:2
Peponapis pruinosa,Apidae,species,Cucurbitaceae,,Cucurbitaceae,1,1,1,1,0,0,visitsFlowersOf:1,
Peponapis pruinosa,Apidae,species,Silphium asteriscus var. simpsonii,,Asteraceae,2,2,2,0,2,0,interactsWith:2,
Perdita,Andrenidae,genus,Larrea tridentata,creosote bush,Zygophyllaceae,2,0,2,0,2,0,interactsWith:2,"Balmorhea, 7 km E:2"
Perdita,Andrenidae,genus,Quincula lobata,,Solanaceae,6,0,0,0,6,0,interactsWith:6,"Del Rio, 31 km SE:6"
Perdita (Hexaperdita) ignota isopappi x crawfordi,Andrenidae,unknown,Bradburia pilosa,,Asteraceae,96,0,96,0,96,0,interactsWith:96,"Lexington, 7 mi N:96"
Perdita (Hexaperdita) ignota isopappi x crawfordi,Andrenidae,unknown,Haplopappus,,Asteraceae,10,0,10,0,10,0,interactsWith:10,"Ft. Davis, 47 mi NE:10"
Perdita (Macrotera) texana texana,Andrenidae,unknown,Opuntia,prickly pear,Cactaceae,4,4,4,0,4,0,interactsWith:4,Bastrop:4
Perdita ashmeadi vierecki,Andrenidae,subspecies,Prosopis glandulosa,honey mesquite,Fabaceae,4,0,0,0,4,0,interactsWith:4,"Del Rio, 16 mi SE:4"
Perdita deltophora,Andrenidae,species,Chamaesaracha,,Solanaceae,1,0,1,0,1,0,interactsWith:1,Davis Mountains:1
Perdita deltophora,Andrenidae,species,Quincula lobata,,Solanaceae,1,0,0,0,1,0,interactsWith:1,Quemado:1
Perdita exclamans,Andrenidae,species,Prosopis glandulosa,honey mesquite,Fabaceae,1,0,0,0,1,0,interactsWith:1,"Del Rio, 16 mi SE:1"
Perdita foveata brachycephala,Andrenidae,subspecies,Brazoria truncata,,Lamiaceae,12,0,12,0,12,0,interactsWith:12,"Goliad, 16 mi E:12"
Perdita ignota crawfordi,Andrenidae,subspecies,Bradburia pilosa,,Asteraceae,53,0,53,0,53,0,interactsWith:53,"Lexington, 6 mi S:47; Lexington, 7 mi N:6"
Perdita ignota crawfordi,Andrenidae,subspecies,Symphyotrichum subulatum,annual saltmarsh aster,Asteraceae,40,0,40,0,40,0,interactsWith:40,Flatonia:40
Perdita ignota isopappi,Andrenidae,subspecies,Haplopappus,,Asteraceae,28,0,28,0,28,0,interactsWith:28,Flatonia:28
Perdita missionis,Andrenidae,species,Quincula lobata,,Solanaceae,7,0,0,0,7,0,interactsWith:7,Quemado:7
Perdita munita,Andrenidae,species,Solanum,,Solanaceae,2,0,2,0,2,0,interactsWith:2,Davis Mountains:2
Perdita nigroviridis,Andrenidae,species,Simsia calva,,Asteraceae,14,0,14,0,14,0,interactsWith:14,"Uvalde, 20 mi W:14"
Perdita pedernalensis,Andrenidae,species,Houstonia humifusa,,Rubiaceae,5,5,5,0,5,0,interactsWith:5,United States of America:4; Pedernales Falls State Park:1
Perdita pratti,Andrenidae,species,Helianthus debilis,,Asteraceae,15,0,15,0,15,0,interactsWith:15,Goliad:15
Perdita purpurascens,Andrenidae,species,Brazoria truncata,,Lamiaceae,1,0,1,0,1,0,interactsWith:1,"Goliad, 16 mi E:1"
Perdita purpurascens,Andrenidae,species,Helianthus annuus,common sunflower,Asteraceae,5,5,5,0,5,0,interactsWith:5,Elgin:5
Perdita scopata,Andrenidae,species,Helianthus debilis,,Asteraceae,2,0,2,0,2,0,interactsWith:2,Goliad:2
Perdita sexmaculata,Andrenidae,species,Larrea tridentata,creosote bush,Zygophyllaceae,8,0,8,0,8,0,interactsWith:8,"Balmorhea, 7 km E:8"
Perdita sexmaculata,Andrenidae,species,Solanum,,Solanaceae,4,0,4,0,4,0,interactsWith:4,Davis Mountains:4
Perdita xanthisma,Andrenidae,species,Bradburia pilosa,,Asteraceae,30,0,30,0,30,0,interactsWith:30,"Lexington, 7 mi N:30"
Protandrena (Pterosarus),Andrenidae,unknown,Coreopsis,tickseed,Asteraceae,3,3,3,0,3,0,interactsWith:3,"New Braunfels, 15 mi NW:3"
Protandrena (Pterosarus) albitarsis porterae,Andrenidae,unknown,Berlandiera,,Asteraceae,1,0,1,0,1,0,interactsWith:1,Manheim:1
Protandrena abdominalis,Andrenidae,species,Brazoria truncata,,Lamiaceae,5,0,5,0,5,0,interactsWith:5,"Goliad, 16 mi E:5"
Protandrena abdominalis,Andrenidae,species,Dalea aurea,,Fabaceae,3,0,3,0,3,0,interactsWith:3,Goliad:3
Protandrena abdominalis,Andrenidae,species,Pediomelum rhombifolium,,Fabaceae,1,1,1,0,1,0,interactsWith:1,Sayers Rd:1
Protandrena mexicanorum,Andrenidae,species,Phacelia,phacelia,Hydrophyllaceae,1,0,0,0,1,0,interactsWith:1,Sonora:1
Protandrena ornatipes,Andrenidae,species,Coreopsis,tickseed,Asteraceae,4,4,4,0,4,0,interactsWith:4,Johnson City:4
Protandrena ornatipes,Andrenidae,species,Haplopappus,,Asteraceae,2,0,2,0,2,0,interactsWith:2,"Ft. Davis, 41 mi NE:2"
Protandrena ornatipes,Andrenidae,species,Helenium autumnale,common sneezeweed,Asteraceae,1,1,1,0,1,0,interactsWith:1,Johnson City:1
Protandrena ornatipes,Andrenidae,species,Lindheimera texana,,Compositae,1,0,1,0,1,0,interactsWith:1,Concan:1
Protandrena ornatipes,Andrenidae,species,Parkinsonia,palo verde group,Fabaceae,1,0,1,0,1,0,interactsWith:1,"Concan, 8 mi S:1"
Protandrena texana,Andrenidae,species,Teucrium laciniatum,,Lamiaceae,1,0,1,0,1,0,interactsWith:1,Cherry Spring:1
Pseudopanurgus aethiops,Andrenidae,species,Helianthus annuus,common sunflower,Asteraceae,2,0,2,0,2,0,interactsWith:2,"Ft. Davis, 47 mi NE:2"
Pseudopanurgus albitarsis,Andrenidae,species,Baccharis,baccharis,Asteraceae,2,0,2,0,2,0,interactsWith:2,Leon Creek:2
Pseudopanurgus albitarsis,Andrenidae,species,Coreopsis tinctoria,plains coreopsis,Asteraceae,2,0,2,0,2,0,interactsWith:2,San Antonio:2
Pseudopanurgus albitarsis,Andrenidae,species,Rudbeckia hirta,black-eyed Susan,Asteraceae,2,2,2,0,2,0,interactsWith:2,
Pseudopanurgus ornatipes,Andrenidae,species,Rudbeckia hirta,black-eyed Susan,Asteraceae,2,2,2,0,2,0,interactsWith:2,
Pseudopanurgus renimaculatus,Andrenidae,species,Baccharis,baccharis,Asteraceae,2,0,2,0,2,0,interactsWith:2,"San Antonio, Loop 13:2"
Pseudopanurgus rugosus,Andrenidae,species,Pontederia cordata,,Pontederiaceae,2,2,2,0,2,0,interactsWith:2,Bastrop:2
Pseudopanurgus texanus,Andrenidae,species,Chaetopappa asteroides,,Asteraceae,2,2,2,0,2,0,interactsWith:2,
Sphecodes,Halictidae,genus,Dalea pogonathera,,Fabaceae,1,0,0,0,1,0,interactsWith:1,Quemado:1
Sphecodes (Sphecodium),Halictidae,unknown,Rhus aromatica,fragrant sumac,Anacardiaceae,3,3,3,0,3,0,interactsWith:3,"Austin, 15 mi W:3"
Sphecodes (Sphecodium),Halictidae,unknown,Salix,willow,Salicaceae,6,2,6,0,6,0,interactsWith:6,Lexington:3; Luling:2; Rockdale:1
Sphecodes minor,Halictidae,species,Rhus,,Anacardiaceae,1,1,1,0,1,0,interactsWith:1,"Austin, 15 mi W:1"
Sphecodosoma beameri,Halictidae,species,Nama hispida,,Namaceae,12,0,0,0,12,0,interactsWith:12,United States of America:12
Stelis diversicolor,Megachilidae,species,Rudbeckia hirta,black-eyed Susan,Asteraceae,2,2,2,0,2,0,interactsWith:2,
Svastra grandissima,Apidae,species,Verbesina encelioides,,Asteraceae,1,0,1,0,1,0,interactsWith:1,"Kenedy, Novias, 3 mi S:1"
Svastra obliqua,Apidae,species,Helianthus annuus,common sunflower,Asteraceae,6,6,6,0,6,0,interactsWith:6,
Svastra obliqua obliqua,Apidae,subspecies,Teucrium,,Lamiaceae,1,0,1,0,1,0,interactsWith:1,Weser:1
Svastra petulca,Apidae,species,Coreopsis basalis,goldenmane tickseed,Asteraceae,2,2,2,0,2,0,interactsWith:2,
Svastra petulca,Apidae,species,Helenium amarum var. badium,bitter sneezeweed,Asteraceae,24,24,24,0,24,0,interactsWith:24,
Svastra petulca,Apidae,species,Monarda citriodora,lemon beebalm / lemon horsemint,Lamiaceae,4,4,4,0,4,0,interactsWith:4,
Svastra petulca,Apidae,species,Oncidium ensatum,,Orchidaceae,10,10,10,0,10,0,interactsWith:10,
Svastra petulca,Apidae,species,Ratibida columnifera,Mexican hat / upright prairie coneflower,Asteraceae,18,18,18,0,18,0,interactsWith:18,
Svastra petulca,Apidae,species,Rudbeckia hirta,black-eyed Susan,Asteraceae,12,12,12,0,12,0,interactsWith:12,
Svastra petulca suffusa,Apidae,subspecies,Phacelia,phacelia,Hydrophyllaceae,16,0,16,0,16,0,interactsWith:16,"Kerrville, 10 mi N:16"
Svastra petulca suffusa,Apidae,subspecies,Ratibida columnifera,Mexican hat / upright prairie coneflower,Asteraceae,69,41,69,0,69,0,interactsWith:69,"Bastrop:41; Weser:22; Goliad, 16 mi E:6"
Svastra petulca suffusa,Apidae,subspecies,Rudbeckia,,Asteraceae,1,0,1,0,1,0,interactsWith:1,Lexington:1
Tetraloniella spissa,Apidae,species,Helianthus annuus,common sunflower,Asteraceae,1,0,1,0,1,0,interactsWith:1,"Ft. Davis, 47 mi NE:1"
Thoracobombus,Apidae,subgenus,Cephalanthus,buttonbush,Rubiaceae,1,0,1,1,0,0,visitsFlowersOf:1,
Thoracobombus,Apidae,subgenus,Tecoma stans,,Bignoniaceae,1,0,1,1,0,0,visitsFlowersOf:1,
Triepeolus concavus,Apidae,species,Croton monanthogynus,one-seed croton / prairie tea,Euphorbiaceae,2,2,2,0,2,0,interactsWith:2,
Triepeolus lunatus,Apidae,species,Pinaropappus roseus,,Asteraceae,2,0,2,0,2,0,interactsWith:2,United States of America:2
Triepeolus rhododontus,Apidae,species,Marrubium vulgare,horehound,Lamiaceae,4,0,4,0,4,0,interactsWith:4,United States of America:4
Triepeolus rufoclypeus,Apidae,species,Helenium amarum,,Asteraceae,2,2,2,0,2,0,interactsWith:2,
Triepeolus rufoclypeus,Apidae,species,Oncidium ensatum,,Orchidaceae,2,2,2,0,2,0,interactsWith:2,
Xeromelecta californica,Apidae,species,Marrubium vulgare,horehound,Lamiaceae,2,0,2,0,2,0,interactsWith:2,United States of America:2
Xeromelecta californica,Apidae,species,Pinaropappus roseus,,Asteraceae,2,0,2,0,2,0,interactsWith:2,United States of America:2
Xylocopa,Apidae,genus,Opuntia engelmannii,Engelmann prickly pear,Cactaceae,2,2,2,0,2,0,interactsWith:2,
Xylocopa,Apidae,genus,Solanum elaeagnifolium,silverleaf nightshade,Solanaceae,2,2,2,0,2,0,interactsWith:2,
Xylocopa californica,Apidae,species,Salvia farinacea,mealy blue sage,Lamiaceae,2,0,2,0,2,0,interactsWith:2,United States of America:2
Xylocopa californica arizonensis,Apidae,subspecies,Crataegus,,Rosaceae,1,0,1,0,1,0,interactsWith:1,Davis Mountains:1
Xylocopa californica arizonensis,Apidae,subspecies,Salix,willow,Salicaceae,1,0,1,0,1,0,interactsWith:1,Davis Mountains:1
Xylocopa micans,Apidae,species,Duranta,,Verbenaceae,1,1,1,1,0,0,visitsFlowersOf:1,
Xylocopa micans,Apidae,species,Ludwigia octovalvis,,Onagraceae,1,1,1,1,0,0,visitsFlowersOf:1,
Xylocopa micans,Apidae,species,Solanum elaeagnifolium,silverleaf nightshade,Solanaceae,2,2,2,0,2,0,interactsWith:2,
Xylocopa micans,Apidae,species,Verbena brasiliensis,,Verbenaceae,1,1,1,1,0,0,visitsFlowersOf:1,
Xylocopa micans,Apidae,species,Viguiera dentata,toothleaf goldeneye,Asteraceae,2,0,2,2,0,0,eats:1; visits:1,
Xylocopa tabaniformis,Apidae,species,Penstemon cobaea,,Plantaginaceae,1,0,1,1,0,0,visits:1,
Xylocopa tabaniformis parkinsoniae,Apidae,subspecies,Dalea frutescens,,Fabaceae,2,0,2,2,0,0,eats:1; visits:1,
Xylocopa tabaniformis parkinsoniae,Apidae,subspecies,Delphinium carolinianum,,Ranunculaceae,2,2,2,2,0,0,eats:1; visits:1,
Xylocopa tabaniformis parkinsoniae,Apidae,subspecies,Oncidium ensatum,,Orchidaceae,2,2,2,0,2,0,interactsWith:2,
Xylocopa tabaniformis parkinsoniae,Apidae,subspecies,Passiflora,,Passifloraceae,1,0,1,1,0,0,visitsFlowersOf:1,
Xylocopa tabaniformis parkinsoniae,Apidae,subspecies,Penstemon triflorus,,Plantaginaceae,1,0,1,1,0,0,visits:1,
Xylocopa tabaniformis parkinsoniae,Apidae,subspecies,Salvia farinacea,mealy blue sage,Lamiaceae,2,0,2,2,0,0,visits:1; eats:1,
Xylocopa virginica,Apidae,species,Argemone albiflora,white prickly poppy,Papaveraceae,1,0,1,1,0,0,eats:1,
Xylocopa virginica,Apidae,species,Asclepias asperula capricornu,,Apocynaceae,1,1,1,1,0,0,visitsFlowersOf:1,
Xylocopa virginica,Apidae,species,Cercis canadensis,,Fabaceae,1,1,1,0,1,0,interactsWith:1,
Xylocopa virginica,Apidae,species,Cirsium texanum,Texas thistle,Asteraceae,4,4,4,0,4,0,interactsWith:4,
Xylocopa virginica,Apidae,species,Gaillardia aestivalis,lanceleaf blanketflower,Asteraceae,1,0,1,1,0,0,eats:1,
Xylocopa virginica,Apidae,species,Monarda citriodora,lemon beebalm / lemon horsemint,Lamiaceae,3,2,3,0,3,0,interactsWith:3,
Xylocopa virginica,Apidae,species,Oncidium ensatum,,Orchidaceae,2,2,2,0,2,0,interactsWith:2,
Xylocopa virginica,Apidae,species,Ratibida columnifera,Mexican hat / upright prairie coneflower,Asteraceae,2,2,2,0,2,0,interactsWith:2,
Xylocopa virginica,Apidae,species,Ruellia ciliatiflora,,Acanthaceae,1,1,1,1,0,0,visitsFlowersOf:1,
Xylocopa virginica,Apidae,species,Solanum elaeagnifolium,silverleaf nightshade,Solanaceae,8,8,8,0,8,0,interactsWith:8,
Xylocopa virginica texana,Apidae,subspecies,Baccharis,baccharis,Asteraceae,2,0,2,0,2,0,interactsWith:2,Leon Creek:2
Xylocopa virginica texana,Apidae,subspecies,Salvia farinacea,mealy blue sage,Lamiaceae,2,2,2,2,0,0,visits:1; eats:1,
Xylocopa virginica texana,Apidae,subspecies,Vitex,vitex / chaste tree group,Lamiaceae,1,1,1,0,1,0,interactsWith:1,"Georgetown, 5 mi S:1"
