bee_name,bee_family,plant_name,plant_family
Ancyloscelis apiformis,Apidae,Ipomoea,
Ancyloscelis sejunctus,Apidae,Ipomoea,
Andrena accepta,Andrenidae,Helianthus,Asteraceae
Andrena afimbriata,Andrenidae,Berlandiera,Asteraceae
Andrena alamonis,Andrenidae,Lesquerella,Brassicaceae
Andrena andrenoides,Andrenidae,Salix,
Andrena androfovea,Andrenidae,Chamaesaracha,Solanaceae
Andrena ardis,Andrenidae,Chrysothamnus,Asteraceae
Andrena arenicola,Andrenidae,Salix,
Andrena balsamorhizae,Andrenidae,Balsamorhiza,Asteraceae
Andrena berkeleyi,Andrenidae,Engelmannia,Asteraceae
Andrena biscutellata,Andrenidae,Gaillardia,Asteraceae
Andrena bullata,Andrenidae,Heterotheca,Asteraceae
Andrena capricornis,Andrenidae,Descurainia,Brassicaceae
Andrena chaparralensis,Andrenidae,Aphanostephus,Asteraceae
Andrena crawfordi,Andrenidae,Pyrrhopappus,Asteraceae
Andrena dapsilis,Andrenidae,Lepidium,Brassicaceae
Andrena erythrogaster,Andrenidae,Salix,
Andrena fulvipennis,Andrenidae,Chrysopsis,Asteraceae
Andrena gardineri,Andrenidae,Gutierrezia,Asteraceae
Andrena haynesi,Andrenidae,Helianthus,Asteraceae
Andrena helianthi,Andrenidae,Helianthus,Asteraceae
Andrena illinoiensis,Andrenidae,Salix,
Andrena jessicae,Andrenidae,Lesquerella,Brassicaceae
Andrena krigiana,Andrenidae,Hieracium,Cichorieae
Andrena macoupinensis,Andrenidae,Salix,
Andrena melanochroa,Andrenidae,Fragaria,Rosaceae
Andrena melliventris,Andrenidae,Gaillardia,Asteraceae
Andrena mesillae,Andrenidae,Lesquerella,Brassicaceae
Andrena micheneri,Andrenidae,Lepidium,Brassicaceae
Andrena micheneriella,Andrenidae,Baccharis,Asteraceae
Andrena nigrae,Andrenidae,Salix,
Andrena nothoscordi,Andrenidae,Nothoscordum,
Andrena ofella,Andrenidae,Chrysothamnus,Asteraceae
Andrena pecosana,Andrenidae,Chrysothamnus,Asteraceae
Andrena pectidis,Andrenidae,Pectis,
Andrena platyparia,Andrenidae,Cornus,
Andrena prima,Andrenidae,Lepidium,Brassicaceae
Andrena primulifrons,Andrenidae,Lesquerella,Brassicaceae
Andrena reflexa,Andrenidae,Gutierrezia,Asteraceae
Andrena rudbeckiae,Andrenidae,Ratibida,Asteraceae
Andrena senticulosa,Andrenidae,Berlandiera,Asteraceae
Andrena simulata,Andrenidae,Viguiera,Asteraceae
Andrena sitiliae,Andrenidae,Pyrrhopappus,Asteraceae
Andrena texana,Andrenidae,Amphiachyris,Asteraceae
Andrena tonkaworum,Andrenidae,Engelmannia,Asteraceae
Andrena trapezoidea,Andrenidae,Lesquerella,Brassicaceae
Andrena trimaculata,Andrenidae,Helianthus,Asteraceae
Andrena verbesinae,Andrenidae,Grindelia,Asteraceae
Andrena verecunda,Andrenidae,Engelmannia,Asteraceae
Andrena vulpicolor,Andrenidae,Chrysothamnus,Asteraceae
Anthidium atripes,Megachilidae,Astragalus,Fabaceae
Anthidium emarginatum,Megachilidae,Phacelia,Phacelia
Anthidium palmarum,Megachilidae,Phacelia,Phacelia
Anthophora affabilis,Apidae,Oenothera,
Anthophora curta,Apidae,Baileya,Asteraceae
Anthophora porterae,Apidae,Astragalus,Fabaceae
Anthophorula asteris,Apidae,Symphyotrichum,
Anthophorula micheneri,Apidae,Agalinis,
Ashmeadiella bucconis,Megachilidae,Baileya,Asteraceae
Ashmeadiella cubiceps,Megachilidae,Baileya,Asteraceae
Ashmeadiella erema,Megachilidae,Dalea,Fabaceae
Ashmeadiella opuntiae,Megachilidae,Cylindropuntia,Cactaceae
Ashmeadiella prosopidis,Megachilidae,Dalea,Fabaceae
Ashmeadiella rhodognatha,Megachilidae,Dalea,Fabaceae
Ashmeadiella rubrella,Megachilidae,Dalea,Fabaceae
Atoposmia daleae,Megachilidae,Dalea,Fabaceae
Calliopsis beamerorum,Andrenidae,Nama,
Calliopsis callops,Andrenidae,Chamaesaracha,Solanaceae
Calliopsis callosa,Andrenidae,Tidestromia,
Calliopsis coloradensis,Andrenidae,Chrysopsis,Asteraceae
Calliopsis coloratipes,Andrenidae,Baileya,Asteraceae
Calliopsis crypta,Andrenidae,Cirsium,Asteraceae
Calliopsis hirsutifrons,Andrenidae,Verbena,
Calliopsis meliloti,Andrenidae,Dalea,Fabaceae
Calliopsis michenerella,Andrenidae,Verbena,
Calliopsis micheneri,Andrenidae,Trifolium,
Calliopsis philiphunteri,Andrenidae,Ericameria,Asteraceae
Calliopsis puellae,Andrenidae,Baileya,Asteraceae
Calliopsis rozeni,Andrenidae,Bahia,Asteraceae
Calliopsis subalpina,Andrenidae,Sphaeralcea,Malvaceae
Calliopsis verbenae,Andrenidae,Verbena,
Caupolicana ocellata,Colletidae,Dalea,Fabaceae
Colletes aberrans,Colletidae,Dalea,Fabaceae
Colletes algarobiae,Colletidae,Prosopis,Fabaceae
Colletes americanus,Colletidae,Euthamia,Asteraceae
Colletes birkmanni,Colletidae,Baccharis,Asteraceae
Colletes brevicornis,Colletidae,Campanula,
Colletes bumeliae,Colletidae,Sideroxylon,
Colletes clypeonitens,Colletidae,Larrea,
Colletes compactus,Colletidae,Bidens,Asteraceae
Colletes fulgidus,Colletidae,Achillea,Asteraceae
Colletes gypsicolens,Colletidae,Chrysothamnus,Asteraceae
Colletes inuncantipedis,Colletidae,Sideroxylon,
Colletes latitarsis,Colletidae,Physalis,
Colletes prosopidis,Colletidae,Prosopis,Fabaceae
Colletes scopiventer,Colletidae,Chamaesaracha,Solanaceae
Colletes simulans,Colletidae,Chrysothamnus,Asteraceae
Colletes speculiferus,Colletidae,Euthamia,Asteraceae
Colletes sphaeralceae,Colletidae,Sphaeralcea,Malvaceae
Colletes willistoni,Colletidae,Physalis,
Colletes wilmattae,Colletidae,Dalea,Fabaceae
Colletes xerophilus,Colletidae,Salix,
Conanthalictus bakeri,Halictidae,Phacelia,Phacelia
Conanthalictus cotullensis,Halictidae,Nama,
Diadasia afflicta,Apidae,Callirhoe,Malvaceae
Diadasia afflictula,Apidae,Malvella,Malvaceae
Diadasia australis,Apidae,Cylindropuntia,Cactaceae
Diadasia diminuta,Apidae,Sidalcea,Malvaceae
Diadasia enavata,Apidae,Helianthus,Asteraceae
Diadasia lutzi,Apidae,Sphaeralcea,Malvaceae
Diadasia megamorpha,Apidae,Sphaeralcea,Malvaceae
Diadasia ochracea,Apidae,Malacothamnus,Malvaceae
Diadasia piercei,Apidae,Opuntia,
Diadasia rinconis,Apidae,Cylindropuntia,Cactaceae
Diadasia sphaeralcearum,Apidae,Sphaeralcea,Malvaceae
Diadasia vallicola,Apidae,Sphaeralcea,Malvaceae
Dianthidium curvatum,Megachilidae,Coreopsis,Asteraceae
Dianthidium parvum,Megachilidae,Baileya,Asteraceae
Dianthidium platyurum,Megachilidae,Bebbia,Asteraceae
Dieunomia bolliana,Halictidae,Coreopsis,Asteraceae
Dieunomia heteropoda,Halictidae,Bidens,Asteraceae
Dieunomia nevadensis,Halictidae,Baccharis,Asteraceae
Dieunomia triangulifera,Halictidae,Helianthus,Asteraceae
Dufourea pulchricornis,Halictidae,Lepidium,Brassicaceae
Exomalopsis solidaginis,Apidae,Baccharis,Asteraceae
Florilegus condignus,Apidae,Pontederia,
Habropoda laboriosa,Apidae,Cercis,
Hesperapis infuscata,Melittidae,Helianthus,Asteraceae
Hesperapis larreae,Melittidae,Larrea,
Hesperapis rhodocerata,Melittidae,Bahia,Asteraceae
Hesperapis trochanterata,Melittidae,Nama,
Hoplitis biscutellae,Megachilidae,Larrea,
Hoplitis simplex,Megachilidae,Nemophila,
Lasioglossum aberrans,Halictidae,Oenothera,
Lasioglossum lusorium,Halictidae,Oenothera,
Lasioglossum lustrans,Halictidae,Eurybia,
Lasioglossum noctivaga,Halictidae,Oenothera,
Lasioglossum oenotherae,Halictidae,Oenothera,
Lasioglossum texanum,Halictidae,Oenothera,
Lithurgopsis apicalis,Megachilidae,Cylindropuntia,Cactaceae
Lithurgopsis gibbosa,Megachilidae,Opuntia,
Lithurgopsis littoralis,Megachilidae,Cylindropuntia,Cactaceae
Macrotera haplura,Andrenidae,Sphaeralcea,Malvaceae
Macrotera latior,Andrenidae,Sphaeralcea,Malvaceae
Macrotera magniceps,Andrenidae,Sphaeralcea,Malvaceae
Macrotera mellea,Andrenidae,Chamaesyce,Euphorbiaceae
Macrotera opuntiae,Andrenidae,Opuntia,
Macrotera portalis,Andrenidae,Sphaeralcea,Malvaceae
Macrotera texana,Andrenidae,Opuntia,
Megachile agustini,Megachilidae,Cirsium,Asteraceae
Megachile chilopsidis,Megachilidae,Parkinsonia,Fabaceae
Megachile fortis,Megachilidae,Helianthus,Asteraceae
Megachile inimica,Megachilidae,Baccharis,Asteraceae
Megachile integra,Megachilidae,Galactia,
Megachile lobatifrons,Megachilidae,Parkinsonia,Fabaceae
Megachile melanophaea,Megachilidae,Astragalus,Fabaceae
Megachile newberryae,Megachilidae,Dalea,Fabaceae
Megachile odontostoma,Megachilidae,Parkinsonia,Fabaceae
Megachile oenotherae,Megachilidae,Oenothera,
Megachile parallela,Megachilidae,Baccharis,Asteraceae
Megachile perihirta,Megachilidae,Asteraceae,Asteraceae
Megachile pugnata,Megachilidae,Cirsium,Asteraceae
Megachile rossi,Megachilidae,Encelia,Asteraceae
Megachile soledadensis,Megachilidae,Baileya,Asteraceae
Megachile subexilis,Megachilidae,Lotus,Fabaceae
Megachile subnigra,Megachilidae,Achillea,Asteraceae
Megachile townsendiana,Megachilidae,Baccharis,Asteraceae
Megachile xylocopoides,Megachilidae,Coreopsis,Asteraceae
Melissodes agilis,Apidae,Cirsium,Asteraceae
Melissodes bidentis,Apidae,Bidens,Asteraceae
Melissodes boltoniae,Apidae,Bidens,Asteraceae
Melissodes confusus,Apidae,Bidens,Asteraceae
Melissodes coreopsis,Apidae,Cirsium,Asteraceae
Melissodes dentiventris,Apidae,Bidens,Asteraceae
Melissodes fimbriatus,Apidae,Oenothera,
Melissodes fumosus,Apidae,Chrysopsis,Asteraceae
Melissodes gelidus,Apidae,Helianthus,Asteraceae
Melissodes grindeliae,Apidae,Coreopsis,Asteraceae
Melissodes humilior,Apidae,Baileya,Asteraceae
Melissodes illatus,Apidae,Baccharis,Asteraceae
Melissodes intortus,Apidae,Callirhoe,Malvaceae
Melissodes limbus,Apidae,Baileya,Asteraceae
Melissodes lupinus,Apidae,Bidens,Asteraceae
Melissodes menuachus,Apidae,Grindelia,Asteraceae
Melissodes microstictus,Apidae,Achillea,Asteraceae
Melissodes montanus,Apidae,Bidens,Asteraceae
Melissodes nigracauda,Apidae,Stephanomeria,Asteraceae
Melissodes rivalis,Apidae,Brickellia,Asteraceae
Melissodes saponellus,Apidae,Erigeron,Asteraceae
Melissodes semilupinus,Apidae,Chrysothamnus,Asteraceae
Melissodes subagilis,Apidae,Chrysothamnus,Asteraceae
Melissodes submenuacha,Apidae,Chrysothamnus,Asteraceae
Melissodes tinctus,Apidae,Chrysopsis,Asteraceae
Melissodes trinodis,Apidae,Coreopsis,Asteraceae
Melissodes verbesinarum,Apidae,Baileya,Asteraceae
Melissodes vernoniae,Apidae,Bidens,Asteraceae
Melissodes wheeleri,Apidae,Baileya,Asteraceae
Melitoma grisella,Apidae,Ipomoea,
Melitoma marginella,Apidae,Ipomoea,
Melitoma taurea,Apidae,Calystegia,
Osmia chalybea,Megachilidae,Cirsium,Asteraceae
Osmia coloradensis,Megachilidae,Chaenactis,Asteraceae
Osmia integra,Megachilidae,Astragalus,Fabaceae
Osmia latisulcata,Megachilidae,Astragalus,Fabaceae
Osmia montana,Megachilidae,Agoseris,Asteraceae
Osmia texana,Megachilidae,Cirsium,Asteraceae
Osmia titusi,Megachilidae,Astragalus,Fabaceae
Peponapis pruinosa,Apidae,Cucurbita,
Peponapis utahensis,Apidae,Cucurbita,
Perdita affinis,Andrenidae,Chrysothamnus,Asteraceae
Perdita albihirta,Andrenidae,Baileya,Asteraceae
Perdita albipennis,Andrenidae,Grindelia,Asteraceae
Perdita albovittata,Andrenidae,Bahia,Asteraceae
Perdita alexi,Andrenidae,Helianthus,Asteraceae
Perdita ampla,Andrenidae,Chrysothamnus,Asteraceae
Perdita aperta,Andrenidae,Gutierrezia,Asteraceae
Perdita ashmeadi,Andrenidae,Prosopis,Fabaceae
Perdita asteris,Andrenidae,Baileya,Asteraceae
Perdita beata,Andrenidae,Bahia,Asteraceae
Perdita bequaerti,Andrenidae,Bidens,Asteraceae
Perdita bequaertiana,Andrenidae,Oenothera,
Perdita bishoppi,Andrenidae,Chrysopsis,Asteraceae
Perdita bruneri,Andrenidae,Grindelia,Asteraceae
Perdita callicerata,Andrenidae,Bahia,Asteraceae
Perdita cambarella,Andrenidae,Croptilon,Asteraceae
Perdita chrysophila,Andrenidae,Thelesperma,Asteraceae
Perdita cladothricis,Andrenidae,Tidestromia,
Perdita confusa,Andrenidae,Lepidium,Brassicaceae
Perdita coreopsidis,Andrenidae,Baileya,Asteraceae
Perdita crotonis,Andrenidae,Croton,
Perdita dalyi,Andrenidae,Helianthus,Asteraceae
Perdita difficilis,Andrenidae,Prosopis,Fabaceae
Perdita dolanensis,Andrenidae,Salvia,
Perdita exclamans,Andrenidae,Prosopis,Fabaceae
Perdita fallax,Andrenidae,Bahia,Asteraceae
Perdita foveata,Andrenidae,Coreopsis,Asteraceae
Perdita gerhardi,Andrenidae,Monarda,
Perdita gutierreziae,Andrenidae,Baileya,Asteraceae
Perdita halictoides,Andrenidae,Physalis,
Perdita heliotropii,Andrenidae,Heliotropium,
Perdita hippolyta,Andrenidae,Tiquilia,
Perdita hooki,Andrenidae,Tiquilia,
Perdita ignota,Andrenidae,Grindelia,Asteraceae
Perdita jonesi,Andrenidae,Monarda,
Perdita kiowi,Andrenidae,Mentzelia,
Perdita larreae,Andrenidae,Larrea,
Perdita lasiogastra,Andrenidae,Pectis,
Perdita lenis,Andrenidae,Chamaesaracha,Solanaceae
Perdita lepachidis,Andrenidae,Ratibida,Asteraceae
Perdita lingualis,Andrenidae,Ericameria,Asteraceae
Perdita luciae,Andrenidae,Parkinsonia,Fabaceae
Perdita luteola,Andrenidae,Baileya,Asteraceae
Perdita maculigera,Andrenidae,Salix,
Perdita malacothricis,Andrenidae,Baileya,Asteraceae
Perdita mentzeliarum,Andrenidae,Mentzelia,
Perdita minima,Andrenidae,Chamaesyce,Euphorbiaceae
Perdita munita,Andrenidae,Chamaesaracha,Solanaceae
Perdita nasuta,Andrenidae,Eriogonum,
Perdita numerata,Andrenidae,Prosopis,Fabaceae
Perdita obscurata,Andrenidae,Diospyros,
Perdita peculiaris,Andrenidae,Chamaesaracha,Solanaceae
Perdita pedernalensis,Andrenidae,Cephalanthus,Rubiaceae
Perdita perpulchra,Andrenidae,Aphanostephus,Asteraceae
Perdita pilonotata,Andrenidae,Tiquilia,
Perdita pratti,Andrenidae,Helianthus,Asteraceae
Perdita punctosignata,Andrenidae,Parkinsonia,Fabaceae
Perdita purpurascens,Andrenidae,Gaillardia,Asteraceae
Perdita rhodura,Andrenidae,Baileya,Asteraceae
Perdita semicaerulea,Andrenidae,Larrea,
Perdita shinnersi,Andrenidae,Gaillardia,Asteraceae
Perdita sphaeralceae,Andrenidae,Sphaeralcea,Malvaceae
Perdita stathamae,Andrenidae,Prosopis,Fabaceae
Perdita taeniata,Andrenidae,Ericameria,Asteraceae
Perdita translineata,Andrenidae,Baileya,Asteraceae
Perdita triangulifera,Andrenidae,Parkinsonia,Fabaceae
Perdita trifasciata,Andrenidae,Tiquilia,
Perdita trinotata,Andrenidae,Lesquerella,Brassicaceae
Perdita variegata,Andrenidae,Monarda,
Perdita verbesinae,Andrenidae,Baccharis,Asteraceae
Perdita wislizeniae,Andrenidae,Cleome,Capparaceae
Perdita wootonae,Andrenidae,Mentzelia,
Perdita xanthismae,Andrenidae,Xanthisma,Asteraceae
Protandrena abdominalis,Andrenidae,Monarda,
Protandrena verbesinae,Andrenidae,Baileya,Asteraceae
Pseudopanurgus aethiops,Andrenidae,Helianthus,Asteraceae
Pseudopanurgus albitarsis,Andrenidae,Baccharis,Asteraceae
Pseudopanurgus boylei,Andrenidae,Verbesina,Asteraceae
Pseudopanurgus compositarum,Andrenidae,Bidens,Asteraceae
Pseudopanurgus fraterculus,Andrenidae,Baileya,Asteraceae
Pseudopanurgus illinoiensis,Andrenidae,Erigeron,Asteraceae
Pseudopanurgus occiduus,Andrenidae,Heterotheca,Asteraceae
Pseudopanurgus passiflorae,Andrenidae,Passiflora,
Pseudopanurgus renimaculatus,Andrenidae,Baccharis,Asteraceae
Pseudopanurgus rugosus,Andrenidae,Bidens,Asteraceae
Ptilothrix bombiformis,Apidae,Hibiscus,
Ptilothrix chiricahua,Apidae,Kallstroemia,
Sphecodosoma beameri,Halictidae,Nama,
Sphecodosoma dicksoni,Halictidae,Nama,
Svastra aegis,Apidae,Balduina,Asteraceae
Svastra compta,Apidae,Oenothera,
Svastra duplocincta,Apidae,Ferocactus,
Svastra helianthelli,Apidae,Baileya,Asteraceae
Svastra machaerantherae,Apidae,Baccharis,Asteraceae
Svastra obliqua,Apidae,Borrichia,Asteraceae
Svastra petulca,Apidae,Coreopsis,Asteraceae
Svastra sabinensis,Apidae,Baccharis,Asteraceae
Svastra sila,Apidae,Psilostrophe,Psilostrophe
Svastra texana,Apidae,Chrysothamnus,Asteraceae
Syntrichalonia exquisita,Apidae,Helianthus,Asteraceae
Tetraloniella albata,Apidae,Dalea,Fabaceae
Tetraloniella fasciatella,Apidae,Salvia,
Tetraloniella lippiae,Apidae,Sphaeralcea,Malvaceae
Tetraloniella paenalbata,Apidae,Dalea,Fabaceae
Tetraloniella spissa,Apidae,Helianthus,Asteraceae
Trachusa bequaerti,Megachilidae,Dalea,Fabaceae
Trachusa larreae,Megachilidae,Larrea,
Trachusa zebrata,Megachilidae,Encelia,Asteraceae
Xenoglossa kansensis,Apidae,Cucurbita,
Xenoglossa patricia,Apidae,Cucurbita,
Xenoglossa strenua,Apidae,Cucurbita,
